Date,Date Processed,Description,Amount
4/01/2025,4/01/2025,OPTUS SPORT MACQUARIE P MACQUARIE PARK,50
5/01/2025,6/01/2025,APPLE.COM/BILL          SYDNEY,1.49
5/01/2025,5/01/2025,ONLINE PAYMENT RECEIVED - THANKYOU W2256,-3330.75
8/01/2025,9/01/2025,TEMU.COM                PARRAMATTA,-4.98
10/01/2025,11/01/2025,MyPerfectResume.com     Strassen,4
11/01/2025,11/01/2025,APEUNI EDU              KL,26.83
15/01/2025,16/01/2025,AAMI PI REALTIME        BRISBANE,102.1
20/01/2025,20/01/2025,AAMI PI REALTIME        BRISBANE,100.17
22/01/2025,22/01/2025,AAMI PI REALTIME        BRISBANE,64.59
24/01/2025,25/01/2025,ADORE BEAUTY PTY LTD    NORTHCOTE,38.7
25/01/2025,26/01/2025,GUZMAN Y GOMEZ          SURRY HILLS,16.4
26/01/2025,26/01/2025,8 YOLKS SUCCESS         Success,35.22
26/01/2025,26/01/2025,DAISY MOON & CO         Success,20
26/01/2025,26/01/2025,KMART SUCCESS 1362      SUCCESS,31
26/01/2025,27/01/2025,WOOLWORTHS 4330 HARVEST ATWELL,73.15
27/01/2025,27/01/2025,COLES SOUTHERN RIVER EA SOUTHERN RIV,83.41
27/01/2025,27/01/2025,DESI MARKETPLACE        SOUTHERN RIVER,49.41
27/01/2025,29/01/2025,NIB HEALTH FUNDS LIMITE NEWCASTLE,80.07
29/01/2025,29/01/2025,8 YOLKS SUCCESS         Success,7.52
29/01/2025,31/01/2025,AMAZON MARKETPLACE AU   SYDNEY SOUTH,108.29
29/01/2025,30/01/2025,SWADES FOOD & GROCERY 7 COCKBURN CENTRA,12
29/01/2025,30/01/2025,TEMU.COM                PARRAMATTA,159.3
29/01/2025,30/01/2025,WOOLWORTHS 4330 HARVEST ATWELL,16.95
29/01/2025,30/01/2025,WOOLWORTHS 4330 HARVEST ATWELL,25
30/01/2025,30/01/2025,115 GROUNDHOUSE 79913   ATWELL,8.13
30/01/2025,6/02/2025,AMAZON MARKETPLACE AU   SYDNEY SOUTH,126.55
30/01/2025,31/01/2025,COACH AUSTRALIA         SYDNEY,263
30/01/2025,31/01/2025,NOVO SHOES GROUP - PERT PERTH AIRPORT,89.93
30/01/2025,1/02/2025,SEPHORA AUSTRALIA PTY L CANNINGTON,62
30/01/2025,1/02/2025,SUSHI HUB CAROUSEL      CANNINGTON,15.3
31/01/2025,1/02/2025,LITTLE MAGIC MOMO 13672 OSBORNE PARK,32.58
31/01/2025,1/02/2025,MECCA FORREST CHASE     PERTH,-50
31/01/2025,1/02/2025,SEPHORA AUSTRALIA PTY L PERTH,-62
31/01/2025,1/02/2025,WOOLWORTHS 4330 HARVEST ATWELL,1.2
1/02/2025,2/02/2025,SPUD SHED               SPEARWOOD,46.44
2/02/2025,2/02/2025,8 YOLKS SUCCESS         Success,35.22
2/02/2025,2/02/2025,COTTON ON CLOTHING PTY  PERTH,30
2/02/2025,3/02/2025,GET CHUNKY PTY LTD 5789 EAST VICTORIA P,24.5
2/02/2025,3/02/2025,SEPHORA AUSTRALIA PTY L PERTH,78
2/02/2025,3/02/2025,WINDCAVE*KRISPY KREME H PERTH,8.3
3/02/2025,3/02/2025,ONLINE PAYMENT RECEIVED - THANKYOU W4216,-500
3/02/2025,3/02/2025,TEMU.COM                PARRAMATTA,18.6
3/02/2025,3/02/2025,WOOLWORTHS 4330 HARVEST ATWELL,36.23
4/02/2025,4/02/2025,KMART PERTH CBD 1386    PERTH,15
5/02/2025,7/02/2025,APPLE.COM/BILL          SYDNEY,1.49
5/02/2025,6/02/2025,DESI MARKETPLACE        SOUTHERN RIVER,30.08
5/02/2025,6/02/2025,KMART SUCCESS 1362      SUCCESS,38.5
5/02/2025,6/02/2025,WOOLWORTHS 4330 HARVEST ATWELL,21
5/02/2025,6/02/2025,WOOLWORTHS 4394 GATEWAY SUCCESS WA,43.36
6/02/2025,6/02/2025,115 GROUNDHOUSE 79913   ATWELL,8.13
6/02/2025,6/02/2025,WOOLWORTHS 4330 HARVEST ATWELL,29.35
7/02/2025,8/02/2025,WOOLWORTHS 4330 HARVEST ATWELL,21.65
8/02/2025,8/02/2025,8 YOLKS SUCCESS         Success,70.44
9/02/2025,9/02/2025,WOOLWORTHS 4330 HARVEST ATWELL,11.5
9/02/2025,11/02/2025,WOOLWORTHS 4330 HARVEST ATWELL,13.2
10/02/2025,11/02/2025,BP WELSHPOOL            KEWDALE,72.68
10/02/2025,11/02/2025,DESI MARKETPLACE        SOUTHERN RIVER,46.02
10/02/2025,11/02/2025,GUZMAN Y GOMEZ          SURRY HILLS,31.4
10/02/2025,11/02/2025,MyPerfectResume.com     Strassen,4
10/02/2025,11/02/2025,WOOLWORTHS 4330 HARVEST ATWELL,5.8
10/02/2025,11/02/2025,WOOLWORTHS 4330 HARVEST ATWELL,13.21
11/02/2025,11/02/2025,115 GROUNDHOUSE 79913   ATWELL,7.11
11/02/2025,12/02/2025,SUSHI HUB WILLIAM ST    PERTH,13.2
11/02/2025,12/02/2025,SWADES FOOD & GROCERY 7 COCKBURN CENTRA,15.98
11/02/2025,12/02/2025,WOOLWORTHS 4330 HARVEST ATWELL,47.09
12/02/2025,13/02/2025,AUTOMOTORS WA PTY LTD   WELSHPOOL,680
12/02/2025,13/02/2025,CALTEX WELSHPOOL        WELSHPOOL,9.6
12/02/2025,13/02/2025,NANDOS AUSTRALIA        ABBOTSFORD,84.2
13/02/2025,14/02/2025,AIRBNB * HMNNT3R4MY     LONDON,288
13/02/2025,14/02/2025,HUBBL - KAYO SPORTS     NORTH RYDE,1
13/02/2025,14/02/2025,WOOLWORTHS 4330 HARVEST ATWELL,8.73
14/02/2025,15/02/2025,BOOST JUICE COCKBURN GA SUCCESS,9.7
14/02/2025,14/02/2025,FLOWER STATION          HAMILTON HILL,60
14/02/2025,15/02/2025,GUZMAN Y GOMEZ          SURRY HILLS,37.3
14/02/2025,14/02/2025,KMART SUCCESS 1362      SUCCESS,22.5
14/02/2025,15/02/2025,THE LUCKY CHARM SUCC 14 SUCCESS,42.61
14/02/2025,15/02/2025,ZLR*PAIPAI FILMS PAIPAI NORTHBRIDGE,5.07
14/02/2025,15/02/2025,ZLR*PAIPAI FILMS PAIPAI NORTHBRIDGE,15.21
14/02/2025,15/02/2025,ZLR*SAN CHURRO NORTHBRI NORTHBRIDGE,11.07
15/02/2025,16/02/2025,WOOLWORTHS 4330 HARVEST ATWELL,60.96
16/02/2025,17/02/2025,GELATO MESSINA HIGHGATE HIGHGATE,7.12
16/02/2025,17/02/2025,MYER GARDEN CITY        BOORAGOON,71
16/02/2025,17/02/2025,PRICELINE BOORAGOON     BOORAGOON,8.49
16/02/2025,17/02/2025,SUSHI HUB BOORAGOON     BOORAGOON,14.5
17/02/2025,17/02/2025,8 YOLKS SUCCESS         Success,6.88
17/02/2025,17/02/2025,AAMI PI REALTIME        BRISBANE,102.1
17/02/2025,17/02/2025,BRIDGESTONE SELECT TYRE SUCCESS,85
17/02/2025,19/02/2025,DESI MARKETPLACE        SOUTHERN RIVER,78.58
17/02/2025,19/02/2025,WOOLWORTHS 4330 HARVEST ATWELL,135.08
18/02/2025,19/02/2025,AAMI PI REALTIME        BRISBANE,123.56
18/02/2025,19/02/2025,BP THOMSON LAKES        SUCCESS,44.87
18/02/2025,19/02/2025,TEMU.COM                PARRAMATTA,-118.14
18/02/2025,19/02/2025,TEMU.COM                PARRAMATTA,-41.16
18/02/2025,19/02/2025,TEMU.COM                PARRAMATTA,-18.6
18/02/2025,19/02/2025,TEMU.COM                PARRAMATTA,1.91
18/02/2025,19/02/2025,TEMU.COM                PARRAMATTA,8.79
18/02/2025,19/02/2025,TEMU.COM                PARRAMATTA,76.18
18/02/2025,19/02/2025,WOOLWORTHS 4330 HARVEST ATWELL,4.05
18/02/2025,19/02/2025,WOOLWORTHS 4330 HARVEST ATWELL,8.9
19/02/2025,19/02/2025,AAMI PI REALTIME        BRISBANE,-31.04
19/02/2025,20/02/2025,H&M AUSTRALIA AU0010    PERTH,126.11
20/02/2025,21/02/2025,FRY?D LEEDERVILLE       Scarborough,16.15
20/02/2025,21/02/2025,IKEA PERTH              INNALOO,39
20/02/2025,21/02/2025,MR GOZ                  Scarborough,20.32
21/02/2025,21/02/2025,COLES GATEWAY 490       SUCCESS,36.75
21/02/2025,22/02/2025,WOOLWORTHS 4330 HARVEST ATWELL,4.5
21/02/2025,22/02/2025,WOOLWORTHS 4330 HARVEST ATWELL,23.88
22/02/2025,22/02/2025,8 YOLKS SUCCESS         Success,8.94
22/02/2025,22/02/2025,WOOLWORTHS 4330 HARVEST ATWELL,7.63
22/02/2025,23/02/2025,WOOLWORTHS 4416 BUSSELT BUSSELTON,6.4
23/02/2025,23/02/2025,DOTTI-F36-EATON FAIR    EATON,-118.93
23/02/2025,23/02/2025,DOTTI-F36-EATON FAIR    EATON,25
23/02/2025,23/02/2025,DOTTI-F36-EATON FAIR    EATON,118.93
23/02/2025,23/02/2025,DOTTI-F36-EATON FAIR    EATON,143.93
23/02/2025,24/02/2025,SPUD SHED               BALDIVIS,93.26
23/02/2025,23/02/2025,THE GOOSE BEACH BAR &   BUSSELTON,33.56
24/02/2025,25/02/2025,AAMI PI REALTIME        BRISBANE,64.59
24/02/2025,25/02/2025,WOOLWORTHS 4330 HARVEST ATWELL,45.1
25/02/2025,26/02/2025,BOBABOBA COCKBURN 13876 COCKBURN CENTRA,8.62
25/02/2025,26/02/2025,BP THOMSON LAKES        SUCCESS,64.56
25/02/2025,26/02/2025,GUZMAN Y GOMEZ          SURRY HILLS,6.5
25/02/2025,26/02/2025,WOOLWORTHS 4330 HARVEST ATWELL,3.5
25/02/2025,26/02/2025,WOOLWORTHS 4330 HARVEST ATWELL,4.96
25/02/2025,25/02/2025,WOOLWORTHS 4330 HARVEST ATWELL,5.8
26/02/2025,27/02/2025,BIG W 0444 GATEWAYS     BATEMAM,35.36
26/02/2025,26/02/2025,HIKARU SUSHI & JAPANESE PERTH,4.5
26/02/2025,27/02/2025,IKEA PERTH              INNALOO,-39
26/02/2025,28/02/2025,NIB HEALTH FUNDS LIMITE NEWCASTLE,80.07
27/02/2025,28/02/2025,DESI MARKETPLACE        SOUTHERN RIVER,78.1
27/02/2025,27/02/2025,SAIGON VIETNAMESE ASI 1 PERTH,20.84
27/02/2025,28/02/2025,SOUTHERN RIVER MEATS    CANNING VALE,15.39
27/02/2025,28/02/2025,SPUDSHED                JANDAKOT,37.79
28/02/2025,28/02/2025,WOOLWORTHS 4330 HARVEST ATWELL,20.1
1/03/2025,1/03/2025,INTEREST CHARGES,5.18
1/03/2025,2/03/2025,ROLLERAU_POS*CAVERSHAM  WHITEMAN,70
2/03/2025,3/03/2025,IKEA PERTH              INNALOO,286.5
2/03/2025,3/03/2025,SPUDSHED                JANDAKOT,15.47
2/03/2025,2/03/2025,SPUDSHED                JANDAKOT,20
2/03/2025,3/03/2025,WOOLWORTHS 4330 HARVEST ATWELL,41.24
3/03/2025,4/03/2025,WOOLWORTHS 4330 HARVEST ATWELL,126.8
4/03/2025,5/03/2025,DESI MARKETPLACE        SOUTHERN RIVER,79.3
4/03/2025,4/03/2025,ONLINE PAYMENT RECEIVED - THANKYOU W3217,-4876.2
4/03/2025,4/03/2025,TERRYWHITE CHEMMART HAR ATWELL,55.88
4/03/2025,4/03/2025,WOOLWORTHS 4330 HARVEST ATWELL,4
4/03/2025,5/03/2025,WOOLWORTHS 4330 HARVEST ATWELL,18.85
5/03/2025,6/03/2025,WOOLWORTHS 4330 HARVEST ATWELL,15.33
5/03/2025,5/03/2025,WOOLWORTHS 4330 HARVEST ATWELL,36.61
6/03/2025,6/03/2025,APPLE.COM/BILL          SYDNEY,1.49
6/03/2025,7/03/2025,COLES GATEWAY 490       SUCCESS,3.8
6/03/2025,7/03/2025,GUZMAN Y GOMEZ          SURRY HILLS,36.2
6/03/2025,7/03/2025,KMART SUCCESS 1362      SUCCESS,74
6/03/2025,7/03/2025,SAN CHURRO COCKBURN     SUCESS,7.95
7/03/2025,8/03/2025,AUTOMOTORS WA PTY LTD   WELSHPOOL,120
7/03/2025,8/03/2025,BUNNINGS COCKBURN CENTR JANDAKOT,9.98
7/03/2025,8/03/2025,DESI MARKETPLACE        SOUTHERN RIVER,41.49
7/03/2025,8/03/2025,IKEA PERTH              INNALOO,48
7/03/2025,8/03/2025,WOOLWORTHS 4330 HARVEST ATWELL,4.2
7/03/2025,8/03/2025,WOOLWORTHS 4330 HARVEST ATWELL,15.45
8/03/2025,10/03/2025,BIG W 0444 GATEWAYS     BATEMAM,5.5
8/03/2025,8/03/2025,KMART SUCCESS 1362      SUCCESS,32
9/03/2025,10/03/2025,WOOLWORTHS 4330 HARVEST ATWELL,50.5
10/03/2025,11/03/2025,MyPerfectResume.com     Strassen,4
12/03/2025,14/03/2025,SPUDSHED                JANDAKOT,19.95
13/03/2025,14/03/2025,KMART PERTH CBD 1386    PERTH,1.5
13/03/2025,15/03/2025,SPUDSHED                JANDAKOT,45.4
14/03/2025,15/03/2025,COLES SOUTHERN RIVER EA SOUTHERN RIV,1.15
14/03/2025,16/03/2025,DESI MARKETPLACE        SOUTHERN RIVER,73.64
14/03/2025,15/03/2025,OFFICEWORKS 620 JANDAKO JANDAKOT,4
14/03/2025,15/03/2025,WOOLWORTHS 4330 HARVEST ATWELL,5.45
15/03/2025,16/03/2025,PETRA RESTAURANT 158946 VICTORIA PARK,21.03
15/03/2025,16/03/2025,SPUDSHED                JANDAKOT,7.41
15/03/2025,16/03/2025,SPUDSHED                JANDAKOT,24.96
16/03/2025,16/03/2025,WOOLWORTHS 4330 HARVEST ATWELL,56.97
17/03/2025,18/03/2025,WOOLWORTHS 4330 HARVEST ATWELL,2.25
18/03/2025,19/03/2025,AAMI PI REALTIME        BRISBANE,123.56
18/03/2025,19/03/2025,ATO PAYMENT             SYDNEY,852.18
18/03/2025,19/03/2025,BP EXPRESS SOUTH PERTH  SOUTH PERTH,77.59
18/03/2025,18/03/2025,SP KOALA AU             ALEXANDRIA,1583
18/03/2025,18/03/2025,WOOLWORTHS 4330 HARVEST ATWELL,2.8
18/03/2025,18/03/2025,WOOLWORTHS 4330 HARVEST ATWELL,19.27
19/03/2025,21/03/2025,COLES SOUTHERN RIVER EA SOUTHERN RIV,28.67
19/03/2025,21/03/2025,DESI MARKETPLACE        SOUTHERN RIVER,17.98
19/03/2025,20/03/2025,GUZMAN Y GOMEZ          SURRY HILLS,36.2
19/03/2025,21/03/2025,IKEA PERTH              INNALOO,38
19/03/2025,21/03/2025,MCDONALDS SOUTHERN RIVE SOUTHERN RIVER,5
19/03/2025,21/03/2025,SPUDSHED                JANDAKOT,42.83
19/03/2025,21/03/2025,SPUDSHED                JANDAKOT,44.84
20/03/2025,21/03/2025,DESI MARKETPLACE        SOUTHERN RIVER,18.66
20/03/2025,21/03/2025,DESI MARKETPLACE        SOUTHERN RIVER,46.05
20/03/2025,21/03/2025,SPUDSHED                JANDAKOT,-15.34
20/03/2025,21/03/2025,SPUDSHED                JANDAKOT,10.57
20/03/2025,21/03/2025,WOOLWORTHS 4330 HARVEST ATWELL,5.05
20/03/2025,21/03/2025,WOOLWORTHS 4330 HARVEST ATWELL,7.17
20/03/2025,21/03/2025,WOOLWORTHS 4330 HARVEST ATWELL,12.2
21/03/2025,23/03/2025,MCDONALD'S 0983         SUCCESS,10.2
21/03/2025,23/03/2025,MCDONALD'S 0983         SUCCESS,13.9
21/03/2025,23/03/2025,WOOLWORTHS 4330 HARVEST ATWELL,17.2
22/03/2025,23/03/2025,HUNTINGDALE HALAL MEAT  HUNTINGDALE,38.5
22/03/2025,24/03/2025,WOOLWORTHS 4330 HARVEST ATWELL,25.22
23/03/2025,25/03/2025,COLES GATEWAY 490       SUCCESS,5.5
23/03/2025,25/03/2025,KMART SUCCESS 1362      SUCCESS,2
24/03/2025,25/03/2025,AAMI PI REALTIME        BRISBANE,64.59
24/03/2025,25/03/2025,JBENTO                  MT PLEASANT,56.17
24/03/2025,26/03/2025,KMART MADDINGTON 1057   MADDINGTON,19.5
24/03/2025,25/03/2025,KMART MULGRAVE          MULGRAVE,19
24/03/2025,25/03/2025,SPUDSHED                JANDAKOT,28.45
24/03/2025,24/03/2025,TEMU.COM                PARRAMATTA,32.85
24/03/2025,26/03/2025,WOOLWORTHS 4330 HARVEST ATWELL,3.5
24/03/2025,26/03/2025,WOOLWORTHS 4330 HARVEST ATWELL,58.03
25/03/2025,27/03/2025,COLES SOUTHERN RIVER EA SOUTHERN RIV,41.15
25/03/2025,27/03/2025,DESI MARKETPLACE        SOUTHERN RIVER,67.55
26/03/2025,27/03/2025,GUZMAN Y GOMEZ          SURRY HILLS,18.8
26/03/2025,28/03/2025,NIB HEALTH FUNDS LIMITE NEWCASTLE,80.07
26/03/2025,28/03/2025,WOOLWORTHS 4330 HARVEST ATWELL,13
27/03/2025,29/03/2025,WOOLWORTHS 4330 HARVEST ATWELL,5.48
28/03/2025,30/03/2025,WOOLWORTHS 4330 HARVEST ATWELL,13.9
29/03/2025,30/03/2025,GUZMAN Y GOMEZ          SURRY HILLS,34.4
29/03/2025,31/03/2025,WOOLWORTHS 4330 HARVEST ATWELL,13.15
29/03/2025,30/03/2025,WOOLWORTHS 4330 HARVEST ATWELL,41.98
30/03/2025,1/04/2025,WOOLWORTHS 4330 HARVEST ATWELL,13.25
31/03/2025,1/04/2025,WOOLWORTHS 4330 HARVEST ATWELL,43.62
1/04/2025,1/04/2025,8 YOLKS SUCCESS         Success,8.13
1/04/2025,1/04/2025,8 YOLKS SUCCESS         Success,8.91
1/04/2025,2/04/2025,BP THOMSON LAKES        SUCCESS,80.04
1/04/2025,1/04/2025,INTEREST CHARGES,5.59
2/04/2025,3/04/2025,KMART MULGRAVE          MULGRAVE,-19
2/04/2025,4/04/2025,WOOLWORTHS 4330 HARVEST ATWELL,8
2/04/2025,4/04/2025,WOOLWORTHS 4330 HARVEST ATWELL,26.6
3/04/2025,4/04/2025,HIKARU SUSHI & JAPANESE PERTH,13.2
4/04/2025,6/04/2025,DESI MARKETPLACE        SOUTHERN RIVER,65.81
4/04/2025,5/04/2025,OPTUS SPORT MACQUARIE P MACQUARIE PARK,50
4/04/2025,6/04/2025,SHASVAT PTY LTD         COMO,24
4/04/2025,6/04/2025,SPUD SHED               BENTLEY,40.05
4/04/2025,5/04/2025,WOOLWORTHS 4330 HARVEST ATWELL,9.75
5/04/2025,7/04/2025,APPLE.COM/BILL          SYDNEY,1.49
5/04/2025,6/04/2025,WOOLWORTHS 4330 HARVEST ATWELL,7.7
6/04/2025,7/04/2025,KMART BOORAGOON 1162    BOORAGOON,6.75
6/04/2025,7/04/2025,MCDONALD'S 1899         MUNDARING,26.08
6/04/2025,7/04/2025,WOOLWORTHS 4330 HARVEST ATWELL,2.3
6/04/2025,7/04/2025,WOOLWORTHS 4330 HARVEST ATWELL,21.05
7/04/2025,7/04/2025,SYNERGY PERTH           PERTH,128.76
7/04/2025,8/04/2025,WOOLWORTHS 4330 HARVEST ATWELL,8.7
7/04/2025,8/04/2025,WOOLWORTHS 4330 HARVEST ATWELL,27.44
8/04/2025,10/04/2025,CAIRO CAFE AND RESTAU 7 CANNINGTON,84.29
8/04/2025,9/04/2025,WOOLWORTHS 4330 HARVEST ATWELL,3.1
8/04/2025,8/04/2025,WOOLWORTHS 4330 HARVEST ATWELL,14.69
9/04/2025,11/04/2025,WOOLWORTHS 4330 HARVEST ATWELL,6
10/04/2025,11/04/2025,MyPerfectResume.com     Strassen,4
10/04/2025,10/04/2025,ONLINE PAYMENT RECEIVED - THANKYOU W2599,-5248.12
10/04/2025,12/04/2025,WOOLWORTHS 4330 HARVEST ATWELL,9.8
10/04/2025,12/04/2025,WOOLWORTHS 4330 HARVEST ATWELL,21.65
11/04/2025,12/04/2025,GUZMAN Y GOMEZ          SURRY HILLS,6.7
12/04/2025,14/04/2025,BUNNINGS COCKBURN CENTR JANDAKOT,26.72
12/04/2025,13/04/2025,DESI MARKETPLACE        SOUTHERN RIVER,61.26
12/04/2025,13/04/2025,KMART SUCCESS 1362      SUCCESS,13.75
12/04/2025,14/04/2025,KMART SUCCESS 1362      SUCCESS,17
12/04/2025,14/04/2025,SPUD SHED               MORLEY,43.02
12/04/2025,13/04/2025,TEMU.COM                PARRAMATTA,37.19
12/04/2025,13/04/2025,WOOLWORTHS 4330 HARVEST ATWELL,43.31
13/04/2025,14/04/2025,MYER PTY LTD Myer Pty L MELBOURNE,234
13/04/2025,14/04/2025,WOOLWORTHS 4330 HARVEST ATWELL,11
14/04/2025,15/04/2025,RAC INSURANCE PTY LTD   WEST PERTH,115.52
14/04/2025,14/04/2025,UNIQLO AUSTRALIA PTY LT MELBOURNE,159.9
14/04/2025,16/04/2025,WOOLWORTHS 4330 HARVEST ATWELL,50.79
16/04/2025,25/04/2025,AMAZON MARKETPLACE AU   SYDNEY SOUTH,76.04
16/04/2025,18/04/2025,DESI MARKETPLACE        SOUTHERN RIVER,7.49
16/04/2025,18/04/2025,DESI MARKETPLACE        SOUTHERN RIVER,66.83
17/04/2025,19/04/2025,KMART BOORAGOON 1162    BOORAGOON,19
17/04/2025,19/04/2025,MYER GARDEN CITY        BOORAGOON,0.5
17/04/2025,19/04/2025,SUSHI HUB BOORAGOON     BOORAGOON,9.6
17/04/2025,19/04/2025,WOOLWORTHS 4330 HARVEST ATWELL,6
18/04/2025,19/04/2025,AAMI PI REALTIME        BRISBANE,123.56
20/04/2025,21/04/2025,LOCAL FRESH FREMANTLE   FREMANTLE,5.5
20/04/2025,20/04/2025,NGAN NGA FRESH FRUIT &  Girrawheen,3
20/04/2025,21/04/2025,PRETZEL AUSTRALIA - FRE FREMANTLE,9.03
21/04/2025,22/04/2025,WOOLWORTHS 4330 HARVEST ATWELL,4
22/04/2025,23/04/2025,WOOLWORTHS 4330 HARVEST ATWELL,9.8
23/04/2025,24/04/2025,AAMI PI REALTIME        BRISBANE,64.59
23/04/2025,24/04/2025,DISNEY PLUS             RICHMOND,15.99
23/04/2025,25/04/2025,DRACA FARM PTY LTD      WATTLEUP,16
23/04/2025,25/04/2025,MCDONALD'S 0983         SUCCESS,19.74
23/04/2025,25/04/2025,ORIGIN ENERGY           MELBOURNE,274.83
24/04/2025,24/04/2025,DISNEY PLUS             RICHMOND,-15.99
24/04/2025,25/04/2025,GUZMAN Y GOMEZ          SURRY HILLS,5.1
24/04/2025,26/04/2025,KMART SUCCESS 1362      SUCCESS,52
24/04/2025,26/04/2025,WOOLWORTHS 4330 HARVEST ATWELL,5.7
25/04/2025,27/04/2025,MCDONALD'S 0983         SUCCESS,0.5
26/04/2025,26/04/2025,8 YOLKS SUCCESS         Success,35.22
26/04/2025,28/04/2025,IKEA PERTH              INNALOO,79
26/04/2025,28/04/2025,MYER PTY LTD Myer Pty L MELBOURNE,122.46
26/04/2025,28/04/2025,SPUDSHED                INNALOO,14.9
26/04/2025,26/04/2025,UNIQLO AUSTRALIA PTY LT MELBOURNE,18
26/04/2025,28/04/2025,Y D P/L                 CANNINGTON,-79.99
27/04/2025,28/04/2025,BP THOMSON LAKES        SUCCESS,61.36
27/04/2025,28/04/2025,COTTON ON CLOTHING PTY  CANNINGTON,39.99
27/04/2025,28/04/2025,IKEA PERTH              INNALOO,60
27/04/2025,29/04/2025,NIB HEALTH FUNDS LIMITE NEWCASTLE,80.07
27/04/2025,28/04/2025,WOOLWORTHS 4330 HARVEST ATWELL,95.27
28/04/2025,29/04/2025,"PayID Payment Received Thank you",-50
28/04/2025,29/04/2025,WOOLWORTHS 4330 HARVEST ATWELL,22.5
28/04/2025,30/04/2025,WOOLWORTHS ONLINE 8843  BELLA VISTA,40.3
30/04/2025,1/05/2025,NANDOS AUSTRALIA        ABBOTSFORD,31.85
30/04/2025,2/05/2025,WOOLWORTHS 4394 GATEWAY SUCCESS WA,-12.5
30/04/2025,2/05/2025,WOOLWORTHS 4394 GATEWAY SUCCESS WA,-4.9
31/05/2025,01/06/2025,BP APPLECROSS           APPLECROSS,49.58
31/05/2025,01/06/2025,GUZMAN Y GOMEZ          SURRY HILLS,36.70
31/05/2025,01/06/2025,KMART BOORAGOON 1162    BOORAGOON,24.70
30/05/2025,31/05/2025,CSK 7 PTY LTD           PERTH,17.50
30/05/2025,01/06/2025,WOOLWORTHS 4330 HARVEST ATWELL,14.00
28/05/2025,29/05/2025,HIKARU SUSHI & JAPANESE FOOD,-2.74
28/05/2025,29/05/2025,HIKARU SUSHI & JAPANESE PERTH,13.70
28/05/2025,29/05/2025,WOOLWORTHS 4330 HARVEST ATWELL,1.83
27/05/2025,28/05/2025,AUST FEDERAL POLICE     CANBERRA,56.89
27/05/2025,29/05/2025,MCDONALD'S 0983         SUCCESS,35.95
26/05/2025,28/05/2025,NIB HEALTH FUNDS LIMITE NEWCASTLE,80.07
26/05/2025,27/05/2025,WOOLWORTHS 4330 HARVEST ATWELL,1.65
26/05/2025,28/05/2025,WOOLWORTHS 4330 HARVEST ATWELL,52.09
25/05/2025,26/05/2025,8 YOLKS SUCCESS,-6.34
25/05/2025,25/05/2025,8 YOLKS SUCCESS         Success,31.68
25/05/2025,26/05/2025,TEMU.COM                PARRAMATTA,46.96
24/05/2025,26/05/2025,SAN CHURRO BELMONT      CLOVERDALE,11.95
23/05/2025,24/05/2025,BP THOMSON LAKES        SUCCESS,30.50
23/05/2025,25/05/2025,WOOLWORTHS 4330 HARVEST ATWELL,3.80
23/05/2025,24/05/2025,WOOLWORTHS 4330 HARVEST ATWELL,5.17
22/05/2025,23/05/2025,AAMI PI REALTIME        BRISBANE,64.59
20/05/2025,21/05/2025,AAMI PI REALTIME        BRISBANE,123.56
20/05/2025,22/05/2025,KMART CAROUSEL - 1158   CANNINGTON,33.50
20/05/2025,21/05/2025,Live Payments*Boost Jui Cannington,9.80
20/05/2025,22/05/2025,MYER CAROUSEL           CANNINGTON,233.41
20/05/2025,22/05/2025,SPUDSHED                JANDAKOT,24.45
18/05/2025,19/05/2025,GELATO MESSINA HIGHGATE,-1.42
17/05/2025,19/05/2025,GM HIGHGATE PTY LTD 151 HIGHGATE,7.12
17/05/2025,18/05/2025,READING CINEMAS         SOUTH MELBOURNE,43.40
17/05/2025,19/05/2025,READING CINEMAS BELMONT BELMONT,9.50
17/05/2025,18/05/2025,WOOLWORTHS 4330 HARVEST ATWELL,-6.30
17/05/2025,18/05/2025,WOOLWORTHS 4330 HARVEST ATWELL,3.00
17/05/2025,18/05/2025,WOOLWORTHS 4330 HARVEST ATWELL,79.83
16/05/2025,18/05/2025,DESI MARKETPLACE        SOUTHERN RIVER,77.84
16/05/2025,17/05/2025,GUZMAN Y GOMEZ          SURRY HILLS,14.20
16/05/2025,18/05/2025,MCDONALD'S 1970         SOUTHERN RIVER,0.50
15/05/2025,16/05/2025,SUSHIA (CLOISTERS),-0.91
15/05/2025,16/05/2025,SUSHIA (CLOISTERS) 3812 PERTH,4.55
15/05/2025,17/05/2025,WOOLWORTHS 4330 HARVEST ATWELL,8.28
15/05/2025,16/05/2025,WOOLWORTHS 4330 HARVEST ATWELL,11.26
14/05/2025,15/05/2025,CSK 7 PTY LTD           PERTH,11.50
13/05/2025,14/05/2025,ATO PAYMENT             SYDNEY,398.70
13/05/2025,15/05/2025,MCDONALD'S 0983         SUCCESS,23.70
13/05/2025,14/05/2025,RAC INSURANCE PTY LTD   WEST PERTH,115.47
12/05/2025,13/05/2025,TEMU.COM                PARRAMATTA,-29.22
11/05/2025,12/05/2025,BP EXPRESS CARLISLE     CARLISLE,72.90
11/05/2025,11/05/2025,TEMU.COM                PARRAMATTA,53.32
11/05/2025,13/05/2025,YO-CHI FORRES 183509    PERTH,11.34
10/05/2025,11/05/2025,KING'S KEBAB AND PIZZA  Atwell,19.18
10/05/2025,11/05/2025,KINGS KEBAB AND PIZZA,-3.84
10/05/2025,11/05/2025,MyPerfectResume.com     Strassen,4.00
10/05/2025,12/05/2025,WOOLWORTHS 4330 HARVEST ATWELL,5.80
09/05/2025,10/05/2025,GUZMAN Y GOMEZ          SURRY HILLS,36.70
08/05/2025,09/05/2025,HIKARU SUSHI & JAPANESE FOOD,-0.90
08/05/2025,09/05/2025,HIKARU SUSHI & JAPANESE PERTH,4.50
08/05/2025,09/05/2025,SYNERGY PERTH           PERTH,213.41
07/05/2025,07/05/2025,GRAND CENTRAL COFFEE    Bertram,18.00
07/05/2025,08/05/2025,KMART SUCCESS 1362      SUCCESS,6.50
06/05/2025,07/05/2025,HIKARU SUSHI & JAPANESE FOOD,-0.90
06/05/2025,07/05/2025,HIKARU SUSHI & JAPANESE PERTH,4.50
06/05/2025,07/05/2025,WOOLWORTHS 4301 ST GEOR PERTH,3.30
06/05/2025,07/05/2025,WOOLWORTHS 4330 HARVEST ATWELL,7.70
05/05/2025,07/05/2025,APPLE.COM/BILL          SYDNEY,1.49
05/05/2025,05/05/2025,PayID Payment Received Thank you,-2842.15
05/05/2025,07/05/2025,SPUDSHED                JANDAKOT,33.46
05/05/2025,07/05/2025,WOOLWORTHS 4394 GATEWAY SUCCESS WA,12.50
04/05/2025,05/05/2025,WOOLWORTHS 4330 HARVEST ATWELL,7.70
03/05/2025,04/05/2025,BURGER VILLAGE          VICTORIA PARK,46.69
03/05/2025,04/05/2025,UNIQLO AUSTRALIA PTY LT MELBOURNE,229.70
03/05/2025,05/05/2025,YO-CHI SOUTH PERTH 1921 SOUTH PERTH,8.58
02/05/2025,04/05/2025,WOOLWORTHS 4330 HARVEST ATWELL,38.80
01/05/2025,03/05/2025,CHEMIST WAREHOUSE SOUTH SOUTHERN RIVER,20.98
01/05/2025,03/05/2025,DESI MARKETPLACE        SOUTHERN RIVER,66.32
01/05/2025,02/05/2025,HIKARU SUSHI & JAPANESE FOOD,-0.90
01/05/2025,02/05/2025,HIKARU SUSHI & JAPANESE PERTH,4.50