PaymentID,EmployeeID,PaymentDate,Amount,PaymentMethod,PaymentStatus
1,1,13/01/2025,2918.81,Cash,Completed
2,2,5/04/2025,2183.3,Cash,Pending
3,3,13/02/2025,2788.26,Cash,Completed
4,4,14/04/2025,4689.91,Bank Transfer,Completed
5,5,20/02/2025,4797.24,Bank Transfer,Completed
6,6,9/01/2025,2459.7,Bank Transfer,Pending
7,7,24/01/2025,3675.78,Bank Transfer,Completed
8,8,5/03/2025,4566.53,Cash,Pending
9,9,15/04/2025,2246.22,Cash,Completed
10,10,16/01/2025,4964.57,Cash,Pending
11,11,11/02/2025,2990.95,Check,Pending
12,12,23/02/2025,3455.05,Check,Pending
13,13,22/01/2025,3029.87,Bank Transfer,Pending
14,14,22/03/2025,2624.37,Cash,Completed
15,15,28/03/2025,3331.48,Check,Completed
16,16,14/01/2025,2069.61,Cash,Pending
17,17,13/01/2025,2114.06,Cash,Pending
18,18,3/03/2025,4545.86,Bank Transfer,Pending
19,19,6/02/2025,4105.57,Cash,Completed
20,20,7/03/2025,2175.02,Bank Transfer,Completed
21,21,11/01/2025,3716.7,Bank Transfer,Completed
22,22,3/04/2025,2964.88,Check,Pending
23,23,19/04/2025,2595.88,Bank Transfer,Pending
24,24,20/01/2025,3853.76,Cash,Completed
25,25,5/02/2025,3119.89,Cash,Pending
26,26,12/02/2025,2625.04,Cash,Completed
27,27,27/02/2025,4421.97,Bank Transfer,Pending
28,28,13/01/2025,4107.06,Bank Transfer,Pending
29,29,9/04/2025,3965.99,Cash,Completed
30,30,7/04/2025,2916.93,Check,Pending
31,31,16/04/2025,3843.5,Check,Completed
32,32,25/01/2025,4993.36,Bank Transfer,Pending
33,33,2/03/2025,2729.58,Cash,Completed
34,34,16/02/2025,2208.87,Cash,Pending
35,35,2/04/2025,3866.21,Cash,Pending
36,36,13/04/2025,2863.14,Cash,Completed
37,37,30/03/2025,3764.23,Bank Transfer,Pending
38,38,1/02/2025,3072.59,Check,Completed
39,39,6/04/2025,3215.65,Bank Transfer,Completed
40,40,18/03/2025,2569.96,Check,Completed
41,41,30/04/2025,3588.9,Bank Transfer,Completed
42,42,12/01/2025,4548.79,Check,Completed
43,43,20/04/2025,4388.77,Cash,Completed
44,44,3/01/2025,4974.42,Cash,Completed
45,45,12/03/2025,3773.65,Check,Completed
46,46,22/01/2025,2246.46,Bank Transfer,Pending
47,47,11/02/2025,4975.64,Cash,Pending
48,48,15/01/2025,4939.46,Bank Transfer,Pending
49,49,23/01/2025,4359.18,Check,Pending
50,50,8/02/2025,4203.35,Check,Completed
51,51,30/01/2025,2891.61,Bank Transfer,Completed
52,52,13/03/2025,3893.14,Bank Transfer,Pending
53,53,19/02/2025,2807.53,Cash,Pending
54,54,28/02/2025,4663.4,Bank Transfer,Pending
55,55,21/03/2025,3853.16,Check,Pending
56,56,16/02/2025,2668.58,Check,Pending
57,57,14/02/2025,2016.22,Bank Transfer,Completed
58,58,24/03/2025,3232.9,Cash,Pending
59,59,1/04/2025,3598.48,Cash,Completed
60,60,11/04/2025,2190.55,Bank Transfer,Completed
61,61,1/02/2025,2136.83,Bank Transfer,Completed
62,62,14/04/2025,3717.06,Bank Transfer,Completed
63,63,17/03/2025,3701.44,Bank Transfer,Pending
64,64,25/04/2025,3122.44,Bank Transfer,Pending
65,65,5/01/2025,3089.97,Bank Transfer,Pending
66,66,8/04/2025,3377.13,Bank Transfer,Pending
67,67,21/01/2025,2988.08,Check,Pending
68,68,2/05/2025,3935.89,Bank Transfer,Pending
69,69,8/02/2025,2392.91,Bank Transfer,Completed
70,70,7/01/2025,4065.11,Cash,Completed
71,71,14/04/2025,4987.78,Bank Transfer,Completed
72,72,16/03/2025,4347.59,Cash,Completed
73,73,27/04/2025,3670.27,Cash,Completed
74,74,9/04/2025,4784.86,Cash,Completed
75,75,4/04/2025,4943.31,Cash,Pending
76,76,1/02/2025,4758.27,Cash,Pending
77,77,1/05/2025,3751.33,Cash,Pending
78,78,19/01/2025,4377.2,Check,Completed
79,79,24/01/2025,3783.67,Check,Pending
80,80,24/01/2025,4523.49,Check,Pending
81,81,7/04/2025,3402.66,Check,Pending
82,82,17/03/2025,4190.82,Check,Completed
83,83,28/02/2025,3405.44,Check,Pending
84,84,18/03/2025,2995.09,Check,Completed
85,85,10/02/2025,3526.89,Bank Transfer,Pending
86,86,1/02/2025,4255.78,Cash,Pending
87,87,27/03/2025,2948.61,Bank Transfer,Completed
88,88,16/03/2025,2329.08,Cash,Completed
89,89,10/04/2025,3815.32,Bank Transfer,Completed
90,90,17/02/2025,4279.2,Bank Transfer,Pending
91,91,12/01/2025,2409.84,Bank Transfer,Completed
92,92,7/01/2025,3886.14,Bank Transfer,Pending
93,93,8/03/2025,3412.03,Bank Transfer,Completed
94,94,3/04/2025,4309.49,Cash,Completed
95,95,3/02/2025,3741.54,Cash,Completed
96,96,1/05/2025,4343.44,Cash,Pending
97,97,28/04/2025,2147.66,Check,Pending
98,98,18/03/2025,3748.55,Check,Completed
99,99,24/02/2025,3693.42,Bank Transfer,Completed
100,100,17/04/2025,4396.74,Check,Pending
101,1,4/02/2025,4232.32,Cash,Pending
102,2,25/02/2025,2171.65,Bank Transfer,Completed
103,3,27/01/2025,3512.05,Bank Transfer,Pending
104,4,17/02/2025,2433.22,Check,Completed
105,5,27/01/2025,4444.96,Bank Transfer,Completed
106,6,4/01/2025,3175.5,Check,Pending
107,7,30/03/2025,2792.26,Check,Pending
108,8,28/04/2025,3271.73,Bank Transfer,Pending
109,9,4/03/2025,3063.57,Check,Completed
110,10,22/02/2025,3723.09,Bank Transfer,Pending
111,11,9/04/2025,3131.59,Bank Transfer,Pending
112,12,25/01/2025,2257.88,Cash,Completed
113,13,5/04/2025,2184.72,Cash,Completed
114,14,2/02/2025,2939.07,Cash,Pending
115,15,26/01/2025,4323.41,Bank Transfer,Pending
116,16,15/04/2025,3903.41,Check,Completed
117,17,21/03/2025,2497.19,Cash,Completed
118,18,27/03/2025,3581.36,Check,Completed
119,19,26/04/2025,3486.07,Check,Pending
120,20,26/01/2025,3117.13,Cash,Pending
121,21,1/04/2025,2179.66,Bank Transfer,Pending
122,22,16/02/2025,2944.82,Check,Completed
123,23,20/02/2025,3008.67,Cash,Completed
124,24,28/02/2025,3979.53,Bank Transfer,Pending
125,25,16/02/2025,3687.98,Check,Pending
126,26,12/02/2025,4492.91,Bank Transfer,Completed
127,27,10/03/2025,3539.08,Check,Pending
128,28,5/04/2025,3757.03,Cash,Pending
129,29,9/01/2025,2505.55,Bank Transfer,Completed
130,30,7/04/2025,3508.29,Check,Pending
131,31,30/04/2025,2797.45,Bank Transfer,Pending
132,32,24/02/2025,2002.15,Check,Pending
133,33,20/03/2025,2109.35,Cash,Completed
134,34,22/01/2025,2617.78,Cash,Completed
135,35,7/03/2025,4682.94,Bank Transfer,Completed
136,36,21/02/2025,3113.69,Check,Pending
137,37,13/02/2025,3089.24,Bank Transfer,Completed
138,38,12/03/2025,4738.46,Bank Transfer,Completed
139,39,18/03/2025,2031.26,Bank Transfer,Pending
140,40,11/02/2025,3771.22,Check,Pending
141,41,6/03/2025,4165.87,Cash,Completed
142,42,22/04/2025,3856.82,Bank Transfer,Pending
143,43,7/03/2025,4089.6,Check,Pending
144,44,2/03/2025,3655.25,Cash,Pending
145,45,18/01/2025,2225.51,Bank Transfer,Completed
146,46,22/03/2025,2413.69,Cash,Completed
147,47,25/03/2025,3733.97,Check,Pending
148,48,2/04/2025,3923.65,Check,Pending
149,49,2/01/2025,2675.88,Bank Transfer,Completed
150,50,1/03/2025,4668.97,Bank Transfer,Completed
151,51,23/02/2025,2200.4,Check,Pending
152,52,22/02/2025,4141.71,Bank Transfer,Pending
153,53,8/04/2025,2162.2,Cash,Pending
154,54,7/01/2025,4193.92,Check,Pending
155,55,10/02/2025,4347.31,Cash,Pending
156,56,23/03/2025,3119.31,Bank Transfer,Completed
157,57,4/01/2025,2463.74,Check,Pending
158,58,6/03/2025,3940.45,Check,Pending
159,59,1/04/2025,2197.43,Check,Pending
160,60,3/03/2025,3017.06,Bank Transfer,Completed
161,61,11/04/2025,4012.05,Cash,Pending
162,62,25/04/2025,3349.68,Check,Pending
163,63,11/02/2025,4360.63,Cash,Pending
164,64,14/03/2025,3434.01,Check,Pending
165,65,9/04/2025,2558.09,Bank Transfer,Completed
166,66,5/03/2025,3632.6,Bank Transfer,Pending
167,67,4/01/2025,4650.65,Cash,Completed
168,68,25/01/2025,3603.75,Bank Transfer,Pending
169,69,12/03/2025,4599,Cash,Pending
170,70,4/01/2025,3671.52,Check,Pending
171,71,12/02/2025,4633.48,Bank Transfer,Completed
172,72,15/04/2025,3842.18,Check,Pending
173,73,16/01/2025,3830.85,Check,Completed
174,74,2/04/2025,2485.35,Cash,Completed
175,75,5/01/2025,4018.33,Cash,Pending
176,76,21/04/2025,4163.76,Cash,Pending
177,77,1/04/2025,4499.75,Cash,Completed
178,78,10/03/2025,4700.81,Bank Transfer,Pending
179,79,7/03/2025,3295.84,Check,Pending
180,80,24/03/2025,3085.64,Bank Transfer,Pending
181,81,7/04/2025,2948.02,Cash,Completed
182,82,29/01/2025,4390.09,Check,Completed
183,83,17/03/2025,4143.84,Bank Transfer,Completed
184,84,2/01/2025,4279.83,Bank Transfer,Completed
185,85,14/03/2025,3923.96,Check,Pending
186,86,15/03/2025,2670.24,Cash,Pending
187,87,26/01/2025,4210.03,Cash,Completed
188,88,20/04/2025,4312.43,Bank Transfer,Completed
189,89,14/04/2025,3792.15,Check,Pending
190,90,3/05/2025,3835.6,Bank Transfer,Pending
191,91,22/01/2025,3331.61,Bank Transfer,Pending
192,92,4/03/2025,4440.7,Bank Transfer,Completed
193,93,14/04/2025,3291.75,Bank Transfer,Completed
194,94,4/04/2025,3130.67,Check,Pending
195,95,27/01/2025,4128.42,Cash,Completed
196,96,16/01/2025,3483.82,Cash,Completed
197,97,5/03/2025,4435.25,Bank Transfer,Completed
198,98,2/05/2025,4323.1,Cash,Pending
199,99,9/03/2025,3654.99,Check,Completed
200,100,7/03/2025,4485.36,Cash,Completed
201,1,6/03/2025,4973.3,Check,Completed
202,2,11/03/2025,2328.61,Cash,Pending
203,3,5/01/2025,3979.2,Bank Transfer,Completed
204,4,26/04/2025,4427.61,Check,Pending
205,5,10/03/2025,3285.5,Check,Pending
206,6,1/05/2025,3861.24,Check,Completed
207,7,26/04/2025,3404.37,Bank Transfer,Pending
208,8,3/05/2025,4326.73,Cash,Completed
209,9,24/03/2025,4498.69,Check,Pending
210,10,11/03/2025,4528.16,Bank Transfer,Completed
211,11,15/03/2025,3909.68,Bank Transfer,Completed
212,12,14/01/2025,2904.29,Bank Transfer,Pending
213,13,24/03/2025,2253.98,Check,Pending
214,14,14/03/2025,3594.8,Bank Transfer,Pending
215,15,3/02/2025,3642.01,Check,Pending
216,16,12/02/2025,4823.67,Cash,Pending
217,17,16/01/2025,3452.19,Cash,Completed
218,18,24/01/2025,2814.51,Check,Pending
219,19,29/03/2025,4755.14,Check,Completed
220,20,22/02/2025,3039.09,Bank Transfer,Pending
221,21,18/01/2025,2292.46,Bank Transfer,Completed
222,22,28/01/2025,2403.53,Bank Transfer,Completed
223,23,18/04/2025,2640.33,Cash,Pending
224,24,3/04/2025,3939.95,Cash,Completed
225,25,11/03/2025,4056.85,Cash,Completed
226,26,1/05/2025,3282.32,Bank Transfer,Completed
227,27,1/01/2025,4841.77,Cash,Pending
228,28,20/02/2025,2434.51,Check,Completed
229,29,16/01/2025,3157.55,Cash,Pending
230,30,21/01/2025,3213.75,Bank Transfer,Pending
231,31,10/03/2025,4135.36,Bank Transfer,Completed
232,32,13/03/2025,4279.1,Bank Transfer,Completed
233,33,27/04/2025,3120.35,Check,Completed
234,34,3/01/2025,3996.77,Cash,Completed
235,35,4/03/2025,2098.96,Check,Completed
236,36,8/04/2025,4776.68,Check,Completed
237,37,15/04/2025,3231.82,Cash,Completed
238,38,27/02/2025,3933.24,Bank Transfer,Pending
239,39,21/03/2025,4644.83,Cash,Pending
240,40,11/02/2025,2422.65,Bank Transfer,Completed
241,41,6/03/2025,3970.22,Check,Completed
242,42,17/04/2025,3940,Check,Pending
243,43,12/01/2025,2146.98,Bank Transfer,Pending
244,44,2/05/2025,2150.71,Check,Completed
245,45,20/02/2025,2271.52,Cash,Completed
246,46,9/01/2025,2725.85,Cash,Pending
247,47,24/01/2025,4286.44,Cash,Completed
248,48,21/01/2025,3935.13,Cash,Pending
249,49,2/01/2025,2532.69,Bank Transfer,Completed
250,50,2/02/2025,4741.14,Bank Transfer,Completed
251,51,7/01/2025,3568.09,Cash,Completed
252,52,5/04/2025,3081.76,Cash,Pending
253,53,16/03/2025,2086.65,Check,Pending
254,54,29/01/2025,4590.32,Cash,Completed
255,55,16/01/2025,3644.11,Bank Transfer,Pending
256,56,3/01/2025,3135.73,Check,Completed
257,57,7/03/2025,3398.25,Cash,Pending
258,58,7/01/2025,3310.31,Bank Transfer,Completed
259,59,8/03/2025,2107.96,Check,Completed
260,60,7/02/2025,4276.22,Bank Transfer,Completed
261,61,12/02/2025,4436.21,Cash,Pending
262,62,26/04/2025,2876.84,Cash,Pending
263,63,28/01/2025,2894.34,Cash,Completed
264,64,11/01/2025,2843.98,Bank Transfer,Completed
265,65,4/03/2025,4940.21,Bank Transfer,Pending
266,66,14/01/2025,2841.36,Cash,Completed
267,67,1/02/2025,2700.18,Check,Completed
268,68,5/01/2025,4959.35,Bank Transfer,Pending
269,69,23/03/2025,2002.22,Bank Transfer,Completed
270,70,1/02/2025,4800.65,Bank Transfer,Completed
271,71,19/02/2025,4219.85,Bank Transfer,Completed
272,72,14/04/2025,2269,Cash,Pending
273,73,1/05/2025,4938.66,Bank Transfer,Completed
274,74,22/03/2025,3169.88,Cash,Pending
275,75,19/03/2025,4737.43,Cash,Completed
276,76,31/03/2025,3082.23,Cash,Pending
277,77,21/04/2025,3839.29,Cash,Pending
278,78,15/03/2025,4262.92,Check,Completed
279,79,2/01/2025,4406.67,Bank Transfer,Completed
280,80,1/02/2025,3243.32,Cash,Completed
281,81,28/04/2025,4387.56,Check,Pending
282,82,11/03/2025,3651.3,Cash,Pending
283,83,1/04/2025,2268.83,Cash,Completed
284,84,26/04/2025,3044.79,Check,Pending
285,85,11/03/2025,3428.2,Check,Completed
286,86,18/01/2025,3025.87,Check,Completed
287,87,24/03/2025,4719.3,Cash,Pending
288,88,11/01/2025,3248.34,Cash,Completed
289,89,1/04/2025,4623.89,Check,Completed
290,90,1/04/2025,2285.18,Check,Completed
291,91,29/04/2025,3010.48,Cash,Completed
292,92,29/01/2025,3020.18,Cash,Completed
293,93,29/01/2025,3836.86,Cash,Completed
294,94,10/03/2025,3214.63,Cash,Completed
295,95,12/02/2025,4624.55,Bank Transfer,Completed
296,96,12/04/2025,3732.98,Cash,Completed
297,97,8/01/2025,4556.98,Cash,Pending
298,98,15/01/2025,2514.86,Check,Pending
299,99,14/03/2025,4713.83,Check,Completed
300,100,17/01/2025,3201.05,Bank Transfer,Completed
301,1,28/03/2025,4480.83,Bank Transfer,Completed
302,2,30/01/2025,2896.94,Cash,Completed
303,3,21/02/2025,3583.31,Check,Completed
304,4,27/01/2025,3864.96,Cash,Pending
305,5,8/01/2025,2829.77,Cash,Completed
306,6,3/02/2025,4409.93,Cash,Completed
307,7,5/02/2025,2881.96,Bank Transfer,Pending
308,8,28/03/2025,2150.88,Check,Completed
309,9,6/01/2025,2656.56,Check,Pending
310,10,13/01/2025,4837.49,Check,Pending
311,11,4/04/2025,3112.62,Bank Transfer,Completed
312,12,30/01/2025,3951.36,Cash,Completed
313,13,6/03/2025,2975.27,Bank Transfer,Completed
314,14,28/03/2025,2420.87,Cash,Completed
315,15,2/01/2025,3162.79,Bank Transfer,Completed
316,16,2/02/2025,3724.28,Check,Pending
317,17,24/02/2025,4368.78,Cash,Completed
318,18,18/02/2025,3421.04,Cash,Pending
319,19,19/03/2025,4629.37,Check,Completed
320,20,7/03/2025,3168.08,Cash,Pending
321,21,17/02/2025,3324.61,Check,Completed
322,22,26/01/2025,3416.81,Cash,Completed
323,23,27/02/2025,2903.52,Cash,Completed
324,24,4/01/2025,2809.25,Check,Completed
325,25,14/01/2025,3607.36,Check,Completed
326,26,21/03/2025,4318.19,Check,Pending
327,27,5/01/2025,4021.62,Bank Transfer,Pending
328,28,12/04/2025,3597.25,Check,Pending
329,29,23/04/2025,2008.05,Check,Pending
330,30,4/04/2025,2425.51,Bank Transfer,Completed
331,31,28/04/2025,2717.97,Cash,Pending
332,32,9/01/2025,4921.7,Check,Completed
333,33,25/04/2025,4763.49,Bank Transfer,Pending
334,34,28/01/2025,3384.06,Bank Transfer,Completed
335,35,15/03/2025,3458.99,Check,Pending
336,36,1/02/2025,4853.38,Check,Pending
337,37,21/01/2025,2386.41,Check,Completed
338,38,2/05/2025,4585.16,Cash,Pending
339,39,5/03/2025,3056.86,Cash,Completed
340,40,17/02/2025,4508.78,Check,Completed
341,41,6/03/2025,3540.57,Bank Transfer,Completed
342,42,15/03/2025,3784.37,Cash,Completed
343,43,4/04/2025,4242.12,Bank Transfer,Completed
344,44,20/04/2025,4472.71,Check,Pending
345,45,26/04/2025,3098.67,Check,Pending
346,46,17/02/2025,4784.57,Cash,Pending
347,47,30/04/2025,2375.74,Bank Transfer,Completed
348,48,25/03/2025,4571.14,Check,Pending
349,49,28/03/2025,4872.35,Cash,Completed
350,50,8/01/2025,3829.4,Check,Completed
351,51,12/04/2025,2865.27,Cash,Pending
352,52,8/01/2025,2056.65,Cash,Completed
353,53,14/02/2025,4645.05,Check,Pending
354,54,5/01/2025,3294.61,Cash,Completed
355,55,28/04/2025,4713.18,Check,Completed
356,56,10/02/2025,2581.31,Cash,Pending
357,57,8/02/2025,2193.71,Cash,Pending
358,58,1/02/2025,3055.94,Check,Pending
359,59,18/03/2025,4165.38,Check,Completed
360,60,1/01/2025,2106.74,Cash,Pending
361,61,6/02/2025,2347.82,Cash,Pending
362,62,3/05/2025,3698.55,Bank Transfer,Completed
363,63,29/04/2025,3188.44,Bank Transfer,Pending
364,64,12/02/2025,3006.11,Check,Pending
365,65,28/01/2025,4570.59,Bank Transfer,Completed
366,66,11/01/2025,4242.66,Cash,Completed
367,67,26/02/2025,2316.21,Cash,Completed
368,68,15/02/2025,4325.55,Bank Transfer,Completed
369,69,23/02/2025,4121.6,Bank Transfer,Completed
370,70,18/02/2025,2797.94,Bank Transfer,Completed
371,71,8/04/2025,3452.41,Check,Completed
372,72,12/02/2025,3062.96,Check,Completed
373,73,20/04/2025,4781.84,Cash,Completed
374,74,12/01/2025,4885.49,Bank Transfer,Pending
375,75,17/03/2025,2561.83,Cash,Pending
376,76,30/01/2025,4414.55,Bank Transfer,Completed
377,77,14/03/2025,4452.51,Check,Completed
378,78,15/01/2025,4092.95,Cash,Pending
379,79,18/01/2025,3295.07,Bank Transfer,Completed
380,80,8/01/2025,2184.66,Cash,Completed
381,81,15/03/2025,4187.6,Bank Transfer,Completed
382,82,14/02/2025,3353.59,Cash,Pending
383,83,13/01/2025,2915.11,Bank Transfer,Completed
384,84,28/01/2025,4607.8,Bank Transfer,Pending
385,85,20/02/2025,3615.72,Check,Pending
386,86,27/04/2025,3876.24,Check,Pending
387,87,11/02/2025,2724.58,Bank Transfer,Pending
388,88,19/01/2025,4174.89,Check,Pending
389,89,9/03/2025,2022.5,Bank Transfer,Pending
390,90,7/02/2025,3041.1,Check,Completed
391,91,7/04/2025,3421.29,Check,Pending
392,92,12/04/2025,2149.49,Cash,Completed
393,93,15/03/2025,2123.82,Cash,Pending
394,94,6/01/2025,4703.44,Check,Pending
395,95,15/02/2025,2233.22,Check,Completed
396,96,23/04/2025,4563.6,Cash,Pending
397,97,1/05/2025,3100.17,Check,Pending
398,98,14/01/2025,4703.19,Bank Transfer,Pending
399,99,18/01/2025,4749.87,Bank Transfer,Pending
400,100,20/01/2025,4701.84,Cash,Pending
401,1,5/02/2025,2023.4,Cash,Pending
402,2,16/01/2025,2827.17,Bank Transfer,Pending
403,3,1/05/2025,2804.74,Bank Transfer,Completed
404,4,12/01/2025,4700.02,Check,Completed
405,5,24/02/2025,2665.72,Check,Pending
406,6,20/03/2025,3400.86,Cash,Pending
407,7,14/02/2025,2823.04,Bank Transfer,Pending
408,8,18/01/2025,4691.12,Bank Transfer,Completed
409,9,27/01/2025,3831.69,Cash,Completed
410,10,11/01/2025,3430.09,Bank Transfer,Completed
411,11,7/04/2025,3012.98,Cash,Pending
412,12,13/02/2025,2587.45,Check,Pending
413,13,19/01/2025,3173.95,Cash,Completed
414,14,1/03/2025,3901.01,Check,Completed
415,15,27/01/2025,2280.33,Cash,Completed
416,16,13/01/2025,2154.09,Check,Completed
417,17,2/01/2025,2076.34,Bank Transfer,Pending
418,18,9/01/2025,2069.59,Cash,Pending
419,19,29/01/2025,2703.81,Cash,Completed
420,20,26/04/2025,3209.12,Cash,Completed
421,21,2/02/2025,2362.84,Bank Transfer,Completed
422,22,15/01/2025,4083.87,Check,Pending
423,23,22/03/2025,3148.08,Bank Transfer,Pending
424,24,5/02/2025,3458.33,Check,Pending
425,25,25/02/2025,4378.7,Bank Transfer,Completed
426,26,25/03/2025,4100.43,Cash,Pending
427,27,24/04/2025,3098.34,Bank Transfer,Pending
428,28,16/02/2025,4694.83,Check,Completed
429,29,16/01/2025,3692.22,Bank Transfer,Pending
430,30,26/03/2025,2213.78,Cash,Completed
431,31,24/01/2025,3256.81,Check,Completed
432,32,17/03/2025,2216.35,Check,Pending
433,33,6/03/2025,3038.79,Cash,Completed
434,34,13/04/2025,2690.69,Bank Transfer,Completed
435,35,13/01/2025,3398.7,Bank Transfer,Completed
436,36,16/04/2025,2295.47,Bank Transfer,Pending
437,37,5/04/2025,4742.93,Cash,Completed
438,38,25/03/2025,4523.33,Check,Completed
439,39,26/01/2025,3207.7,Bank Transfer,Pending
440,40,6/04/2025,4949.28,Check,Pending
441,41,26/04/2025,2162.8,Cash,Pending
442,42,18/04/2025,4707.5,Cash,Completed
443,43,17/04/2025,2008.12,Check,Pending
444,44,14/02/2025,4995.31,Bank Transfer,Pending
445,45,3/04/2025,4351,Check,Completed
446,46,19/01/2025,4047.02,Cash,Pending
447,47,13/04/2025,4614.36,Bank Transfer,Pending
448,48,6/02/2025,2128.43,Bank Transfer,Pending
449,49,2/03/2025,4494.61,Bank Transfer,Pending
450,50,14/01/2025,2786.18,Cash,Pending
451,51,22/04/2025,3890.63,Cash,Pending
452,52,17/04/2025,2583.09,Check,Pending
453,53,22/02/2025,2847.38,Check,Completed
454,54,23/04/2025,3504.31,Cash,Pending
455,55,17/04/2025,3039.22,Bank Transfer,Pending
456,56,24/04/2025,4842.79,Cash,Completed
457,57,23/01/2025,2116.94,Bank Transfer,Completed
458,58,2/02/2025,3945.37,Bank Transfer,Completed
459,59,19/04/2025,2640.07,Cash,Completed
460,60,8/04/2025,4969.51,Cash,Pending
461,61,6/04/2025,4290.3,Check,Completed
462,62,18/01/2025,2964.09,Bank Transfer,Completed
463,63,25/02/2025,4998.95,Check,Completed
464,64,20/02/2025,3092.33,Check,Pending
465,65,22/04/2025,2028.54,Bank Transfer,Pending
466,66,26/04/2025,4656.33,Cash,Completed
467,67,28/01/2025,4608.77,Check,Pending
468,68,23/02/2025,3955.99,Cash,Pending
469,69,10/04/2025,3120.25,Bank Transfer,Completed
470,70,5/04/2025,4421.14,Cash,Pending
471,71,17/04/2025,2160.09,Cash,Pending
472,72,23/02/2025,4684.48,Cash,Completed
473,73,13/03/2025,2791.09,Bank Transfer,Completed
474,74,14/02/2025,2870.39,Bank Transfer,Pending
475,75,11/01/2025,3559.16,Check,Completed
476,76,4/01/2025,3851.63,Bank Transfer,Completed
477,77,1/01/2025,4020.72,Check,Completed
478,78,3/02/2025,3705.8,Check,Completed
479,79,17/03/2025,3216.81,Bank Transfer,Completed
480,80,10/03/2025,2450.94,Bank Transfer,Pending
481,81,23/03/2025,3697.75,Check,Completed
482,82,25/01/2025,4931.93,Bank Transfer,Pending
483,83,20/02/2025,2062.13,Check,Pending
484,84,23/03/2025,4173.41,Cash,Completed
485,85,14/01/2025,3256.19,Cash,Completed
486,86,8/01/2025,2394.95,Bank Transfer,Completed
487,87,3/02/2025,4406.55,Cash,Pending
488,88,8/03/2025,2612.18,Bank Transfer,Pending
489,89,2/03/2025,2743.34,Bank Transfer,Completed
490,90,11/01/2025,3308.07,Bank Transfer,Completed
491,91,18/04/2025,2594.59,Check,Completed
492,92,16/03/2025,3060.7,Check,Completed
493,93,4/04/2025,3667.7,Check,Completed
494,94,8/04/2025,2015.58,Bank Transfer,Completed
495,95,24/01/2025,4786.3,Cash,Pending
496,96,21/04/2025,2862.92,Bank Transfer,Pending
497,97,23/02/2025,4603.37,Cash,Completed
498,98,6/02/2025,2760.41,Check,Completed
499,99,16/01/2025,3680.63,Check,Completed
500,100,28/02/2025,3787.22,Bank Transfer,Completed
501,1,25/02/2025,4190.33,Bank Transfer,Completed
502,2,23/02/2025,4104.41,Cash,Completed
503,3,3/03/2025,3205.1,Cash,Pending
504,4,3/05/2025,4085.95,Cash,Pending
505,5,18/01/2025,3498.44,Bank Transfer,Pending
506,6,17/03/2025,2749.39,Bank Transfer,Completed
507,7,5/03/2025,4510.48,Cash,Pending
508,8,22/01/2025,4790.98,Cash,Completed
509,9,25/01/2025,3583.67,Bank Transfer,Completed
510,10,22/02/2025,2223.07,Cash,Completed
511,11,1/03/2025,4079.92,Check,Pending
512,12,16/04/2025,2111.74,Check,Pending
513,13,30/03/2025,4001.08,Cash,Pending
514,14,10/01/2025,3833.87,Cash,Pending
515,15,18/03/2025,2550.77,Cash,Completed
516,16,6/03/2025,2891.47,Cash,Completed
517,17,11/02/2025,3465.42,Check,Completed
518,18,2/03/2025,4305.98,Cash,Completed
519,19,5/02/2025,2565.69,Bank Transfer,Completed
520,20,13/01/2025,3979.17,Check,Completed
521,21,4/04/2025,4197.24,Check,Completed
522,22,1/04/2025,2160.61,Check,Completed
523,23,29/03/2025,2175.31,Cash,Pending
524,24,30/04/2025,4784.27,Check,Pending
525,25,10/03/2025,3859.57,Check,Pending
526,26,25/03/2025,2327.3,Check,Pending
527,27,4/01/2025,2267.63,Check,Completed
528,28,26/04/2025,4730.63,Bank Transfer,Completed
529,29,1/05/2025,4805.35,Check,Completed
530,30,7/02/2025,2042.41,Bank Transfer,Pending
531,31,28/01/2025,2429.79,Cash,Completed
532,32,22/01/2025,3520.66,Check,Pending
533,33,23/03/2025,2113.12,Cash,Completed
534,34,10/04/2025,4908.78,Bank Transfer,Pending
535,35,20/04/2025,2908.25,Bank Transfer,Pending
536,36,26/03/2025,4451.66,Cash,Pending
537,37,17/02/2025,2271.01,Check,Pending
538,38,13/03/2025,3338.09,Check,Pending
539,39,7/02/2025,4531.3,Bank Transfer,Completed
540,40,4/04/2025,3607.39,Check,Completed
541,41,13/04/2025,3723.72,Cash,Completed
542,42,21/03/2025,4665.14,Cash,Pending
543,43,20/02/2025,4907.44,Check,Completed
544,44,15/01/2025,3776.55,Bank Transfer,Completed
545,45,26/04/2025,3376.92,Cash,Pending
546,46,25/01/2025,4154.02,Bank Transfer,Pending
547,47,4/04/2025,2212.27,Bank Transfer,Completed
548,48,16/02/2025,3887.52,Cash,Completed
549,49,15/03/2025,2495.56,Cash,Completed
550,50,14/01/2025,4425.65,Cash,Completed
551,51,11/02/2025,2364.7,Bank Transfer,Pending
552,52,9/04/2025,4357.44,Bank Transfer,Pending
553,53,25/01/2025,4460.88,Cash,Pending
554,54,24/04/2025,3783.39,Cash,Pending
555,55,13/04/2025,3623.17,Bank Transfer,Pending
556,56,23/04/2025,3557.36,Cash,Completed
557,57,20/04/2025,2529.71,Cash,Completed
558,58,11/03/2025,3264.68,Check,Pending
559,59,11/04/2025,2450.16,Check,Pending
560,60,9/01/2025,2617.27,Cash,Completed
561,61,24/02/2025,2828.11,Cash,Completed
562,62,22/03/2025,3381,Check,Pending
563,63,2/01/2025,4867.84,Check,Pending
564,64,6/01/2025,4538.02,Bank Transfer,Pending
565,65,10/04/2025,4167.26,Check,Pending
566,66,17/01/2025,3329.16,Cash,Completed
567,67,22/04/2025,2226.44,Cash,Completed
568,68,4/01/2025,2112.29,Bank Transfer,Pending
569,69,18/04/2025,4580.37,Cash,Pending
570,70,2/01/2025,2519.98,Cash,Pending
571,71,23/03/2025,2454.05,Check,Pending
572,72,16/01/2025,4440.3,Cash,Pending
573,73,21/04/2025,2670.87,Bank Transfer,Pending
574,74,28/01/2025,2729.04,Check,Completed
575,75,10/03/2025,4260.85,Bank Transfer,Pending
576,76,14/01/2025,3408.09,Cash,Pending
577,77,25/02/2025,4361.51,Bank Transfer,Pending
578,78,12/02/2025,3351.06,Bank Transfer,Pending
579,79,4/02/2025,3037.47,Cash,Completed
580,80,22/03/2025,4058.07,Bank Transfer,Pending
581,81,20/03/2025,4966.86,Cash,Pending
582,82,16/04/2025,3602.56,Bank Transfer,Pending
583,83,23/01/2025,4855.48,Check,Pending
584,84,16/02/2025,3839.31,Check,Completed
585,85,9/01/2025,2541.77,Check,Pending
586,86,22/02/2025,2638.12,Bank Transfer,Pending
587,87,28/03/2025,4204.21,Bank Transfer,Completed
588,88,2/02/2025,2169.76,Bank Transfer,Completed
589,89,11/01/2025,3184.69,Bank Transfer,Completed
590,90,15/02/2025,3322.89,Bank Transfer,Pending
591,91,8/01/2025,3884.76,Bank Transfer,Pending
592,92,9/02/2025,2564.96,Bank Transfer,Pending
593,93,26/01/2025,4895.01,Cash,Completed
594,94,5/04/2025,2732.96,Bank Transfer,Pending
595,95,15/04/2025,3080.61,Bank Transfer,Completed
596,96,17/04/2025,2882.97,Check,Completed
597,97,25/02/2025,3520.65,Check,Completed
598,98,29/04/2025,2685.61,Bank Transfer,Completed
599,99,25/03/2025,2643.28,Check,Completed
600,100,12/04/2025,4057.13,Cash,Completed
601,1,1/04/2025,2872.28,Check,Pending
602,2,26/03/2025,3400.55,Check,Pending
603,3,3/01/2025,2919.8,Cash,Pending
604,4,6/02/2025,4935.87,Bank Transfer,Completed
605,5,16/03/2025,4353.6,Check,Pending
606,6,5/01/2025,4161.16,Cash,Pending
607,7,5/04/2025,4862.19,Bank Transfer,Completed
608,8,15/03/2025,2866.63,Cash,Pending
609,9,26/01/2025,2556.03,Cash,Completed
610,10,9/02/2025,4231.59,Check,Completed
611,11,3/03/2025,4678.56,Check,Pending
612,12,12/03/2025,3359.25,Cash,Pending
613,13,6/02/2025,4709.58,Check,Pending
614,14,7/04/2025,3275.93,Cash,Completed
615,15,21/02/2025,2272.14,Check,Pending
616,16,11/02/2025,2291.94,Bank Transfer,Pending
617,17,10/03/2025,2088.48,Cash,Pending
618,18,19/02/2025,3502.29,Cash,Pending
619,19,3/02/2025,4711.67,Bank Transfer,Completed
620,20,27/04/2025,2627.67,Bank Transfer,Completed
621,21,6/03/2025,3945.88,Cash,Completed
622,22,26/03/2025,4401.31,Check,Completed
623,23,11/02/2025,3858.35,Cash,Completed
624,24,21/04/2025,2557.85,Check,Pending
625,25,12/01/2025,4368.28,Check,Completed
626,26,27/02/2025,3033.98,Check,Pending
627,27,24/04/2025,3481.44,Cash,Pending
628,28,7/04/2025,4407.71,Cash,Pending
629,29,8/04/2025,2527.19,Bank Transfer,Completed
630,30,22/04/2025,2571.79,Cash,Completed
631,31,8/02/2025,4806.16,Cash,Pending
632,32,25/04/2025,4126.11,Cash,Pending
633,33,19/01/2025,2861.79,Cash,Completed
634,34,27/01/2025,4096.32,Check,Completed
635,35,8/04/2025,3177.2,Cash,Completed
636,36,28/01/2025,2156.03,Cash,Completed
637,37,18/01/2025,4838.62,Bank Transfer,Completed
638,38,14/03/2025,3734.22,Cash,Completed
639,39,8/02/2025,3431.03,Cash,Pending
640,40,3/01/2025,3701.83,Bank Transfer,Completed
641,41,7/03/2025,4760.9,Check,Pending
642,42,28/04/2025,4760.68,Cash,Pending
643,43,22/04/2025,4243.45,Cash,Completed
644,44,26/04/2025,4858.51,Cash,Pending
645,45,1/04/2025,3598.56,Cash,Pending
646,46,7/01/2025,3124.19,Check,Pending
647,47,5/01/2025,3248.49,Bank Transfer,Completed
648,48,17/04/2025,4904.98,Cash,Pending
649,49,12/01/2025,2848.69,Cash,Completed
650,50,20/01/2025,4862.55,Cash,Pending
651,51,13/04/2025,2353.86,Check,Pending
652,52,18/01/2025,3413.71,Cash,Pending
653,53,23/01/2025,4219.08,Cash,Pending
654,54,23/02/2025,2314.54,Bank Transfer,Completed
655,55,19/01/2025,3290.98,Cash,Completed
656,56,22/02/2025,4740.9,Bank Transfer,Completed
657,57,22/03/2025,2475.27,Cash,Pending
658,58,22/03/2025,4286.94,Bank Transfer,Pending
659,59,20/01/2025,4274.62,Cash,Completed
660,60,22/02/2025,2817.32,Bank Transfer,Completed
661,61,29/04/2025,4714.23,Cash,Pending
662,62,3/03/2025,2707.22,Bank Transfer,Completed
663,63,28/02/2025,3705,Bank Transfer,Pending
664,64,29/01/2025,2942.83,Cash,Pending
665,65,6/04/2025,3565.29,Bank Transfer,Pending
666,66,15/03/2025,4658.68,Cash,Pending
667,67,22/04/2025,4109.14,Check,Pending
668,68,27/01/2025,2719,Bank Transfer,Pending
669,69,16/02/2025,4488.18,Bank Transfer,Completed
670,70,10/02/2025,3769.71,Bank Transfer,Pending
671,71,19/01/2025,3971.45,Bank Transfer,Pending
672,72,11/04/2025,2491.41,Bank Transfer,Pending
673,73,10/02/2025,3892.27,Cash,Pending
674,74,8/03/2025,4015.01,Cash,Pending
675,75,22/01/2025,3742.07,Bank Transfer,Completed
676,76,6/03/2025,2498.11,Bank Transfer,Completed
677,77,13/04/2025,4083.45,Bank Transfer,Pending
678,78,8/01/2025,2131.74,Check,Completed
679,79,5/03/2025,3631.89,Bank Transfer,Pending
680,80,5/04/2025,2351.33,Cash,Pending
681,81,29/01/2025,3203.49,Check,Completed
682,82,28/04/2025,4082.98,Check,Pending
683,83,1/02/2025,4299.03,Check,Pending
684,84,21/03/2025,2669.6,Check,Completed
685,85,19/01/2025,2855.92,Cash,Completed
686,86,20/04/2025,2854.41,Bank Transfer,Completed
687,87,8/01/2025,4307.58,Bank Transfer,Pending
688,88,19/03/2025,3380.98,Cash,Completed
689,89,23/03/2025,4950.17,Cash,Completed
690,90,12/03/2025,4323.64,Cash,Completed
691,91,23/03/2025,4350.23,Bank Transfer,Completed
692,92,18/02/2025,3193.63,Cash,Pending
693,93,5/02/2025,2502.42,Bank Transfer,Pending
694,94,22/02/2025,4425.47,Bank Transfer,Completed
695,95,22/03/2025,3422.36,Bank Transfer,Completed
696,96,1/05/2025,3047.8,Check,Pending
697,97,8/03/2025,4429.56,Cash,Pending
698,98,13/02/2025,4957.15,Check,Completed
699,99,28/02/2025,2025.68,Bank Transfer,Pending
700,100,7/04/2025,3073.49,Check,Completed
701,1,17/02/2025,4829.06,Cash,Completed
702,2,8/03/2025,4231.31,Cash,Completed
703,3,12/04/2025,2058.25,Check,Completed
704,4,30/04/2025,2894.76,Cash,Completed
705,5,9/03/2025,3414.95,Cash,Completed
706,6,18/02/2025,4780.53,Bank Transfer,Pending
707,7,23/02/2025,3796.22,Check,Pending
708,8,20/03/2025,2477.73,Cash,Pending
709,9,14/02/2025,2873.34,Bank Transfer,Pending
710,10,13/01/2025,4203.45,Check,Completed
711,11,19/03/2025,4069.76,Bank Transfer,Completed
712,12,3/02/2025,3249.45,Bank Transfer,Pending
713,13,23/01/2025,3481.9,Cash,Completed
714,14,28/03/2025,4413.21,Bank Transfer,Completed
715,15,22/03/2025,4539.16,Bank Transfer,Pending
716,16,6/01/2025,3192.57,Check,Completed
717,17,17/03/2025,4642.77,Cash,Pending
718,18,24/03/2025,3351.22,Cash,Completed
719,19,13/04/2025,2061.88,Bank Transfer,Completed
720,20,15/02/2025,3504.38,Check,Completed
721,21,9/02/2025,3701.93,Bank Transfer,Pending
722,22,27/03/2025,3880.1,Cash,Pending
723,23,14/03/2025,2479.23,Bank Transfer,Completed
724,24,17/01/2025,2056.2,Cash,Pending
725,25,2/01/2025,3144.22,Bank Transfer,Pending
726,26,6/02/2025,4307.99,Cash,Pending
727,27,2/01/2025,2404.26,Check,Pending
728,28,7/01/2025,2078.13,Check,Pending
729,29,6/01/2025,2823.94,Cash,Completed
730,30,6/02/2025,2244.36,Bank Transfer,Pending
731,31,14/04/2025,3577.54,Check,Completed
732,32,24/02/2025,4147.14,Bank Transfer,Completed
733,33,11/03/2025,2455.15,Cash,Completed
734,34,14/04/2025,3376.64,Check,Pending
735,35,9/04/2025,2687.69,Cash,Pending
736,36,22/03/2025,3288.85,Cash,Completed
737,37,2/04/2025,4869.05,Bank Transfer,Completed
738,38,1/05/2025,2563.45,Bank Transfer,Completed
739,39,30/04/2025,2993.73,Check,Completed
740,40,23/01/2025,3477.42,Cash,Completed
741,41,23/02/2025,4808.37,Bank Transfer,Completed
742,42,26/02/2025,2418.04,Check,Pending
743,43,27/04/2025,4960.31,Cash,Completed
744,44,7/01/2025,2185.12,Cash,Completed
745,45,13/02/2025,2623.02,Cash,Pending
746,46,3/01/2025,2139.6,Bank Transfer,Pending
747,47,29/01/2025,2315,Bank Transfer,Completed
748,48,4/01/2025,3020.34,Cash,Completed
749,49,18/04/2025,3214.84,Bank Transfer,Completed
750,50,13/03/2025,3135.93,Check,Completed
751,51,3/04/2025,2094.92,Cash,Completed
752,52,21/02/2025,4292.22,Check,Completed
753,53,25/03/2025,4775.86,Bank Transfer,Pending
754,54,24/02/2025,3948.55,Cash,Pending
755,55,16/01/2025,3139,Check,Pending
756,56,29/04/2025,3579.9,Bank Transfer,Completed
757,57,16/02/2025,3692.31,Cash,Completed
758,58,8/02/2025,3755.86,Check,Completed
759,59,21/03/2025,2042.67,Cash,Pending
760,60,5/03/2025,3800.5,Cash,Completed
761,61,14/03/2025,3361.45,Bank Transfer,Pending
762,62,10/02/2025,3078.22,Check,Pending
763,63,3/01/2025,4545.9,Cash,Completed
764,64,26/04/2025,4428.54,Cash,Pending
765,65,11/04/2025,2075.52,Bank Transfer,Pending
766,66,21/02/2025,3212.41,Bank Transfer,Completed
767,67,24/02/2025,4191.4,Check,Completed
768,68,27/01/2025,4294.14,Cash,Completed
769,69,20/01/2025,3998.56,Cash,Completed
770,70,7/03/2025,3193.87,Check,Pending
771,71,19/01/2025,3370.39,Bank Transfer,Completed
772,72,16/02/2025,2367.95,Check,Completed
773,73,3/05/2025,3667.35,Cash,Completed
774,74,4/01/2025,4971.05,Bank Transfer,Completed
775,75,1/04/2025,4444.06,Check,Pending
776,76,16/03/2025,3099.85,Check,Pending
777,77,21/04/2025,2810.62,Cash,Completed
778,78,18/03/2025,2585.14,Bank Transfer,Pending
779,79,26/02/2025,3439.61,Cash,Completed
780,80,24/01/2025,4292.66,Bank Transfer,Completed
781,81,17/01/2025,3286.52,Cash,Completed
782,82,1/01/2025,2269.54,Check,Completed
783,83,12/01/2025,4058.54,Cash,Completed
784,84,15/02/2025,3416.09,Bank Transfer,Completed
785,85,11/04/2025,2608.64,Bank Transfer,Pending
786,86,4/04/2025,2683.68,Check,Pending
787,87,16/01/2025,2870.61,Cash,Completed
788,88,24/03/2025,3668,Check,Pending
789,89,18/02/2025,4501.04,Bank Transfer,Pending
790,90,24/02/2025,3128.76,Bank Transfer,Completed
791,91,27/03/2025,2984.73,Check,Completed
792,92,29/03/2025,4995.52,Bank Transfer,Completed
793,93,2/05/2025,3375.77,Cash,Pending
794,94,6/03/2025,4242.32,Check,Completed
795,95,9/03/2025,2615.3,Bank Transfer,Completed
796,96,26/01/2025,3018.44,Bank Transfer,Completed
797,97,16/02/2025,4967.03,Cash,Completed
798,98,4/03/2025,3233.37,Bank Transfer,Pending
799,99,5/02/2025,3201.68,Check,Completed
800,100,24/02/2025,2760.97,Check,Completed
801,1,28/03/2025,4229.04,Cash,Pending
802,2,4/01/2025,4264.49,Check,Pending
803,3,13/02/2025,2682.59,Check,Completed
804,4,3/01/2025,4786.28,Cash,Completed
805,5,14/01/2025,2312.23,Check,Pending
806,6,17/04/2025,4474.1,Check,Completed
807,7,15/04/2025,2409.73,Bank Transfer,Pending
808,8,21/01/2025,3506.19,Check,Completed
809,9,23/03/2025,3555.28,Check,Pending
810,10,17/01/2025,4193.78,Check,Pending
811,11,3/02/2025,3810.02,Check,Pending
812,12,4/03/2025,4317.11,Check,Completed
813,13,3/04/2025,2752.78,Cash,Pending
814,14,16/01/2025,2216.25,Bank Transfer,Completed
815,15,19/04/2025,4741.68,Cash,Completed
816,16,16/01/2025,3775.29,Check,Completed
817,17,11/03/2025,4988.82,Check,Completed
818,18,15/01/2025,4914.09,Bank Transfer,Completed
819,19,3/05/2025,2839.02,Bank Transfer,Completed
820,20,30/01/2025,2739.94,Bank Transfer,Pending
821,21,2/04/2025,3452.94,Check,Pending
822,22,23/02/2025,3433.14,Bank Transfer,Pending
823,23,3/05/2025,2716.33,Check,Completed
824,24,20/04/2025,3457,Check,Pending
825,25,22/04/2025,2294.85,Cash,Pending
826,26,13/03/2025,4923.44,Cash,Pending
827,27,7/01/2025,3641.3,Bank Transfer,Completed
828,28,26/02/2025,2311.77,Bank Transfer,Pending
829,29,2/04/2025,2185.03,Cash,Completed
830,30,28/02/2025,4937.61,Bank Transfer,Pending
831,31,23/03/2025,2399.7,Bank Transfer,Completed
832,32,10/03/2025,2506.1,Bank Transfer,Pending
833,33,7/03/2025,3974.08,Bank Transfer,Completed
834,34,18/02/2025,4627.86,Cash,Completed
835,35,20/04/2025,4855.47,Cash,Pending
836,36,29/04/2025,4087.3,Bank Transfer,Completed
837,37,14/03/2025,3774.59,Cash,Pending
838,38,26/02/2025,3762,Bank Transfer,Pending
839,39,1/03/2025,3160.49,Bank Transfer,Pending
840,40,12/01/2025,4197.77,Check,Completed
841,41,18/01/2025,2788.08,Check,Completed
842,42,30/03/2025,4103.54,Bank Transfer,Completed
843,43,22/04/2025,2770.34,Bank Transfer,Completed
844,44,4/03/2025,3460.08,Bank Transfer,Pending
845,45,17/02/2025,2700.02,Cash,Completed
846,46,18/02/2025,4216.47,Check,Completed
847,47,14/04/2025,3818.74,Cash,Completed
848,48,18/03/2025,3835.61,Check,Completed
849,49,22/04/2025,2929.32,Cash,Completed
850,50,8/04/2025,2030.25,Bank Transfer,Pending
851,51,6/03/2025,3350.79,Check,Pending
852,52,10/01/2025,3732.27,Check,Pending
853,53,20/04/2025,3502.97,Cash,Pending
854,54,21/02/2025,4341.68,Check,Pending
855,55,15/03/2025,3717.6,Check,Pending
856,56,15/01/2025,2360.39,Check,Pending
857,57,19/02/2025,2047.52,Cash,Pending
858,58,27/01/2025,4011.33,Bank Transfer,Completed
859,59,16/03/2025,3558.09,Cash,Completed
860,60,10/02/2025,2440.44,Check,Pending
861,61,14/04/2025,4419.63,Cash,Completed
862,62,31/03/2025,4925.52,Cash,Completed
863,63,3/03/2025,2060.68,Cash,Pending
864,64,2/03/2025,4343.03,Bank Transfer,Pending
865,65,26/04/2025,2345.38,Cash,Pending
866,66,27/01/2025,2063.68,Bank Transfer,Completed
867,67,10/02/2025,2756.88,Cash,Completed
868,68,1/05/2025,4483.34,Check,Pending
869,69,2/02/2025,3508,Check,Pending
870,70,7/04/2025,4601.39,Bank Transfer,Pending
871,71,7/03/2025,3198.05,Cash,Completed
872,72,2/01/2025,3422.54,Cash,Pending
873,73,9/04/2025,4573.58,Cash,Completed
874,74,23/02/2025,4188.23,Cash,Completed
875,75,2/04/2025,2062.76,Cash,Completed
876,76,19/01/2025,4807.63,Cash,Pending
877,77,17/02/2025,2434.37,Check,Pending
878,78,8/04/2025,2187.15,Cash,Completed
879,79,11/04/2025,4144.84,Bank Transfer,Pending
880,80,29/04/2025,3783.63,Bank Transfer,Completed
881,81,16/03/2025,2888.26,Bank Transfer,Completed
882,82,2/05/2025,4221.45,Check,Pending
883,83,7/03/2025,3238.73,Cash,Completed
884,84,7/02/2025,2220.25,Cash,Completed
885,85,7/01/2025,3026.57,Cash,Pending
886,86,16/02/2025,2065.58,Bank Transfer,Completed
887,87,25/03/2025,4306.85,Cash,Completed
888,88,19/03/2025,4759.2,Cash,Completed
889,89,13/03/2025,2941.16,Check,Pending
890,90,18/04/2025,3197.89,Cash,Completed
891,91,16/03/2025,4058.58,Cash,Completed
892,92,2/04/2025,4891.25,Cash,Completed
893,93,26/04/2025,2842.87,Cash,Completed
894,94,16/02/2025,3128.48,Cash,Completed
895,95,1/04/2025,3278.43,Cash,Completed
896,96,16/03/2025,3396.02,Bank Transfer,Completed
897,97,2/05/2025,2201.26,Bank Transfer,Pending
898,98,2/04/2025,3916.89,Check,Pending
899,99,26/02/2025,2253.43,Check,Pending
900,100,6/02/2025,3734.61,Bank Transfer,Pending
901,1,14/04/2025,2182.85,Cash,Pending
902,2,28/02/2025,3676.11,Cash,Completed
903,3,29/04/2025,4277.94,Bank Transfer,Pending
904,4,8/03/2025,3682.14,Cash,Completed
905,5,10/03/2025,4064.46,Check,Pending
906,6,8/04/2025,2384.66,Bank Transfer,Pending
907,7,20/03/2025,3614.09,Check,Completed
908,8,19/04/2025,4969.74,Bank Transfer,Completed
909,9,25/02/2025,2854.11,Cash,Pending
910,10,2/04/2025,2182.91,Bank Transfer,Completed
911,11,20/02/2025,4724.3,Cash,Pending
912,12,4/03/2025,3029.72,Check,Completed
913,13,20/02/2025,4274.71,Bank Transfer,Completed
914,14,31/01/2025,3565.43,Check,Completed
915,15,21/02/2025,3215.22,Check,Completed
916,16,21/02/2025,4494.12,Check,Completed
917,17,15/02/2025,3040.22,Check,Completed
918,18,11/04/2025,2958.96,Check,Completed
919,19,16/01/2025,4599.24,Check,Completed
920,20,22/01/2025,4322.12,Cash,Pending
921,21,3/04/2025,2972.68,Check,Pending
922,22,23/01/2025,3217.33,Check,Completed
923,23,20/03/2025,2346.72,Bank Transfer,Completed
924,24,26/04/2025,3849.24,Bank Transfer,Completed
925,25,16/03/2025,3672.86,Check,Pending
926,26,11/04/2025,3631.45,Bank Transfer,Completed
927,27,25/02/2025,4040.48,Cash,Completed
928,28,22/01/2025,3263.53,Cash,Pending
929,29,4/01/2025,3362.64,Bank Transfer,Completed
930,30,31/03/2025,4102.67,Bank Transfer,Pending
931,31,28/01/2025,2643.25,Check,Pending
932,32,25/04/2025,2307.82,Check,Completed
933,33,21/03/2025,3237.56,Check,Pending
934,34,21/02/2025,4364.46,Check,Completed
935,35,16/03/2025,4022.83,Cash,Completed
936,36,6/02/2025,2140.5,Check,Pending
937,37,17/02/2025,3573.81,Check,Pending
938,38,3/05/2025,4505.3,Bank Transfer,Pending
939,39,13/04/2025,2379.2,Check,Completed
940,40,7/04/2025,2937.19,Cash,Pending
941,41,29/04/2025,2610.02,Cash,Pending
942,42,17/03/2025,4895.1,Check,Completed
943,43,19/02/2025,4654.17,Bank Transfer,Pending
944,44,6/04/2025,3768.56,Check,Completed
945,45,22/04/2025,2489.15,Bank Transfer,Pending
946,46,21/01/2025,4254.28,Bank Transfer,Completed
947,47,22/04/2025,3614.9,Cash,Pending
948,48,16/04/2025,3583.07,Cash,Pending
949,49,31/03/2025,3238.01,Cash,Completed
950,50,10/02/2025,3160.51,Bank Transfer,Pending
951,51,28/01/2025,3580.5,Check,Completed
952,52,2/04/2025,2922.95,Check,Completed
953,53,3/01/2025,3952.64,Bank Transfer,Pending
954,54,26/03/2025,4109.43,Bank Transfer,Pending
955,55,12/03/2025,2414.94,Check,Pending
956,56,19/04/2025,2834.52,Bank Transfer,Pending
957,57,21/02/2025,2198.2,Check,Completed
958,58,9/04/2025,4340.74,Bank Transfer,Pending
959,59,11/03/2025,4135.73,Check,Pending
960,60,11/02/2025,4579.35,Cash,Pending
961,61,13/03/2025,4309.05,Cash,Pending
962,62,25/03/2025,3262.61,Cash,Pending
963,63,24/03/2025,2477.13,Cash,Pending
964,64,17/04/2025,4366.71,Bank Transfer,Pending
965,65,11/04/2025,3717.69,Cash,Pending
966,66,23/03/2025,2015.88,Cash,Completed
967,67,9/04/2025,4657.87,Check,Pending
968,68,28/03/2025,4128.65,Check,Completed
969,69,21/02/2025,3392.28,Bank Transfer,Pending
970,70,25/03/2025,4424.26,Cash,Pending
971,71,12/01/2025,2388.37,Bank Transfer,Completed
972,72,5/01/2025,4621.28,Bank Transfer,Completed
973,73,4/03/2025,4972,Cash,Pending
974,74,6/02/2025,2923.13,Cash,Completed
975,75,1/01/2025,3156.09,Check,Completed
976,76,17/01/2025,2862.86,Cash,Completed
977,77,26/03/2025,3965.85,Check,Pending
978,78,9/01/2025,3744.1,Cash,Completed
979,79,21/04/2025,4078.34,Check,Completed
980,80,1/04/2025,2665.64,Bank Transfer,Completed
981,81,15/03/2025,4970.57,Cash,Pending
982,82,4/02/2025,4585.02,Check,Completed
983,83,21/01/2025,4055.06,Check,Pending
984,84,22/02/2025,2447.21,Cash,Completed
985,85,27/01/2025,2104.19,Cash,Completed
986,86,5/01/2025,4879.92,Bank Transfer,Completed
987,87,9/01/2025,2733.8,Bank Transfer,Completed
988,88,17/03/2025,3533.35,Check,Pending
989,89,6/02/2025,3831.53,Bank Transfer,Completed
990,90,3/02/2025,4795.91,Cash,Completed
991,91,4/01/2025,2960.9,Bank Transfer,Pending
992,92,7/03/2025,3224.97,Cash,Completed
993,93,31/03/2025,3535.98,Check,Pending
994,94,28/01/2025,4457.06,Cash,Pending
995,95,20/04/2025,4075.31,Bank Transfer,Pending
996,96,2/03/2025,3617.15,Cash,Completed
997,97,3/03/2025,4352.06,Bank Transfer,Pending
998,98,26/04/2025,3526.76,Bank Transfer,Pending
999,99,21/02/2025,4629.2,Bank Transfer,Pending
1000,100,28/01/2025,3990.48,Cash,Completed
