EmployeeID,FirstName,LastName,DateOfBirth,Gender,HireDate,DepartmentID,SalaryID
1,Dylan,Roberts,5/03/1966,Female,29/04/2021,5,4
2,Timothy,Robinson,11/08/1979,Female,29/05/2024,8,9
3,Carol,King,16/01/1986,Male,14/05/2021,10,5
4,Kayla,Collins,31/01/1967,Female,5/06/2020,6,3
5,Nicholas,Ramirez,28/05/1971,Female,10/09/2024,7,10
6,Eric,Bishop,20/05/1985,Male,15/11/2021,10,1
7,Ashley,Morrison,31/03/1980,Female,17/10/2024,9,7
8,John,Abbott,28/10/1964,Female,12/05/2022,8,10
9,Keith,Flynn,17/06/1989,Female,20/12/2020,1,5
10,Terri,Herrera,24/02/1986,Female,12/02/2025,10,9
11,Ryan,Drake,8/03/1998,Female,20/12/2023,6,10
12,Jean,Soto,29/05/1975,Male,12/02/2020,1,10
13,Timothy,Parker,14/11/1985,Male,7/02/2020,10,9
14,David,Long,29/06/2002,Male,12/03/2022,3,1
15,Tammy,Reeves,11/09/1982,Female,9/06/2023,2,7
16,Colin,Greene,26/08/1966,Female,22/02/2020,4,4
17,Micheal,Martin,3/10/1970,Male,29/07/2022,7,6
18,Jason,Smith,26/07/1964,Female,21/02/2025,8,3
19,Loretta,Clark,23/11/1991,Female,14/01/2024,6,3
20,John,Fox,31/10/1987,Female,10/01/2024,1,8
21,James,Smith,13/03/1989,Male,23/06/2023,6,4
22,Valerie,Medina,20/12/2000,Male,5/05/2021,6,7
23,Erica,Baldwin,28/09/1976,Male,14/06/2023,4,4
24,Benjamin,Gardner,9/12/1973,Male,21/02/2021,7,6
25,Edward,Sanchez,4/03/1989,Female,27/05/2022,3,9
26,Jason,Palmer,28/02/1960,Female,10/08/2022,10,1
27,Tyler,Guerrero,6/09/1992,Female,2/05/2023,7,5
28,Edward,Atkins,7/10/1982,Female,20/02/2021,9,9
29,Christopher,Shaw,4/04/1976,Female,19/07/2021,6,8
30,Alicia,Miller,1/09/1983,Female,18/05/2021,3,2
31,Dalton,Berry,3/06/1973,Male,21/08/2022,8,7
32,Alex,Martinez,3/11/1980,Male,15/06/2020,4,4
33,Aaron,Fuller,24/03/1986,Male,19/08/2023,7,4
34,Kenneth,Patel,4/12/1963,Female,9/08/2020,3,9
35,Taylor,Lambert,24/04/1966,Male,27/05/2022,2,10
36,Alexander,Swanson,6/09/1989,Male,29/11/2024,9,4
37,Stephen,Smith,6/03/1969,Female,25/05/2024,5,6
38,Brittany,Gonzalez,25/05/1992,Male,15/05/2023,6,4
39,Taylor,Boyd,15/07/1983,Female,16/06/2020,8,2
40,Kevin,Whitaker,17/10/1985,Male,20/11/2020,6,10
41,Tina,Greene,22/05/1972,Female,23/05/2021,6,6
42,Alexandra,Cobb,23/08/1992,Female,4/11/2024,4,4
43,Timothy,Dunn,28/09/1959,Male,7/11/2023,7,7
44,Rebecca,Nixon,16/03/1971,Female,10/02/2021,4,10
45,Kimberly,Valentine,24/02/1961,Female,1/04/2021,10,6
46,Jennifer,Gomez,11/05/1981,Female,12/05/2022,7,8
47,Joseph,Wagner,18/07/1981,Female,5/05/2023,2,6
48,Jeffery,Guzman,27/05/1979,Female,4/07/2024,9,9
49,Shawn,Graham,24/09/1960,Female,29/01/2020,2,6
50,Michael,Schroeder,16/03/1971,Female,12/05/2020,1,7
51,Casey,Riley,28/09/1987,Female,2/08/2020,10,2
52,Duane,Cervantes,26/10/1974,Female,29/07/2022,4,1
53,Daniel,Rivera,11/04/1973,Female,17/11/2023,4,6
54,Lisa,Smith,29/10/1984,Female,21/06/2024,5,2
55,Megan,Colon,1/07/1991,Female,22/02/2025,8,5
56,Tracey,Dawson,26/04/1991,Male,26/08/2022,4,8
57,Adrian,Tate,14/06/1981,Female,2/01/2022,7,3
58,Cassidy,Lynch,17/10/1987,Female,17/07/2023,2,2
59,Ryan,Davis,4/12/1960,Female,11/04/2025,3,7
60,Mary,Moran,22/12/1982,Male,12/07/2024,9,6
61,Chad,Duncan,9/03/1981,Male,12/07/2020,5,1
62,Kara,Stewart,26/01/1968,Female,22/08/2020,1,5
63,Richard,Brown,3/06/1975,Female,15/05/2023,6,10
64,Kathryn,Joyce,31/10/1964,Female,30/05/2023,5,5
65,Bradley,Bryan,4/02/1998,Male,14/05/2023,10,7
66,John,Miller,27/08/1968,Female,14/07/2023,4,5
67,Marcus,Howard,9/01/1969,Male,30/12/2024,5,3
68,Jennifer,Griffin,28/03/1971,Female,30/06/2023,3,6
69,Heather,Sparks,27/08/1997,Male,28/01/2023,9,8
70,Sonya,Garcia,11/10/1997,Female,20/10/2020,10,3
71,Walter,Mcdonald,26/09/1973,Female,25/03/2022,10,3
72,Clarence,Thompson,26/08/2001,Female,5/10/2023,4,7
73,Richard,Webb,22/04/1997,Female,21/01/2025,4,10
74,Ronald,Kent,24/11/1990,Male,31/07/2024,7,8
75,Laura,Mora,21/04/1984,Male,16/01/2023,10,1
76,Phillip,George,20/02/1968,Male,24/07/2024,5,3
77,Larry,Rogers,29/12/2000,Female,26/10/2020,8,2
78,Carlos,Bradley,8/09/1996,Female,24/06/2020,5,5
79,Crystal,Willis,4/07/1998,Female,28/02/2022,1,7
80,Ashley,Moreno,15/06/1989,Female,24/06/2020,6,10
81,Jose,Hernandez,13/03/1976,Male,20/01/2021,10,4
82,Katherine,Fisher,12/07/1965,Female,1/01/2023,7,5
83,Billy,Jackson,11/04/1995,Female,16/04/2020,9,9
84,Paul,Henderson,11/07/1989,Male,19/01/2020,2,10
85,Leonard,Hart,6/06/1965,Female,15/06/2022,9,10
86,Sean,Harris,3/10/1987,Female,4/08/2020,4,6
87,Corey,Dudley,6/03/1983,Male,18/08/2024,3,9
88,Erika,James,6/02/1984,Male,8/05/2021,3,4
89,David,Richardson,3/01/1966,Female,23/11/2023,2,5
90,Daniel,Austin,27/11/1989,Male,21/03/2024,3,10
91,Lance,Quinn,26/08/1959,Female,12/01/2021,9,3
92,Michelle,Scott,26/01/1989,Male,29/06/2021,6,7
93,Roy,Day,22/09/1971,Female,11/11/2020,8,8
94,Stephanie,Taylor,6/09/1984,Female,18/08/2023,10,3
95,Morgan,Pacheco,17/06/1981,Female,18/02/2025,7,8
96,William,Simon,8/08/2000,Female,12/01/2021,3,2
97,Vanessa,Buck,4/12/1998,Female,20/03/2021,5,3
98,Kayla,Walton,21/05/1991,Female,10/09/2021,10,4
99,Lisa,Cox,9/12/1967,Female,17/04/2021,3,10
100,Mark,Vaughn,25/05/1961,Female,14/11/2023,5,6
